id,yield
10407,3.24
10408,3.07
10409,5.7
10410,4.17
10411,5.31
10412,5.79
10413,4.48
10414,5.78
10415,4.0
10416,4.6
10417,4.15
10418,4.07
10419,5.87
10420,4.1
10421,5.71
10422,5.74
10423,5.02
10424,5.11
10425,5.87
10426,3.92
10427,4.17
10428,4.24
10429,5.82
10430,2.62
10431,4.82
10432,5.9
10433,5.88
10434,5.51
10435,5.89
10436,5.87
10437,5.66
10438,6.14
10439,6.09
10440,4.48
10441,2.84
10442,4.16
10443,2.29
10444,4.49
10445,5.58
10446,3.55
10447,5.7
10448,5.73
10449,5.23
10450,5.92
10451,5.85
10452,2.33
10453,6.0
10454,5.19
10455,3.17
10456,2.91
10457,2.54
10458,8.01
10459,5.69
10460,3.45
10461,5.97
10462,5.54
10463,6.0
10464,5.72
10465,3.44
10466,6.13
10467,5.8
10468,2.65
10469,5.59
10470,5.35
10471,5.83
10472,2.08
10473,5.95
10474,3.17
10475,5.75
10476,3.01
10477,5.87
10478,4.4
10479,4.06
10480,4.45
10481,3.92
10482,5.78
10483,5.81
10484,1.77
10485,3.78
10486,3.15
10487,2.58
10488,5.67
10489,5.37
10490,3.92
10491,5.91
10492,5.23
10493,2.53
10494,3.51
10495,3.33
10496,3.41
10497,5.21
10498,6.06
10499,6.04
10500,4.71
10501,2.68
10502,7.54
10503,5.79
10504,6.02
10505,3.49
10506,3.73
10507,5.91
10508,2.58
10509,2.72
10510,4.05
10511,2.09
10512,5.58
10513,5.66
10514,4.3
10515,2.81
10516,3.02
10517,6.13
10518,5.35
10519,6.0
10520,5.72
10521,5.06
10522,5.46
10523,5.31
10524,3.24
10525,3.46
10526,2.48
10527,5.94
10528,5.93
10529,4.91
10530,2.3
10531,4.91
10532,5.91
10533,5.4
10534,6.43
10535,5.37
10536,4.55
10537,5.31
10538,5.68
10539,5.95
10540,3.53
10541,2.84
10542,4.48
10543,5.87
10544,4.26
10545,4.29
10546,5.79
10547,5.56
10548,5.44
10549,5.97
10550,5.81
10551,4.45
10552,5.48
10553,4.58
10554,3.66
10555,2.91
10556,5.56
10557,5.88
10558,5.52
10559,4.05
10560,2.6
10561,4.62
10562,5.79
10563,3.89
10564,2.24
10565,3.53
10566,3.5
10567,4.07
10568,3.19
10569,5.42
10570,5.6
10571,6.02
10572,6.25
10573,5.65
10574,2.66
10575,3.41
10576,2.17
10577,1.43
10578,5.65
10579,5.83
10580,3.31
10581,6.04
10582,4.52
10583,2.82
10584,4.82
10585,2.88
10586,3.04
10587,5.57
10588,2.69
10589,5.72
10590,2.97
10591,5.8
10592,2.42
10593,5.72
10594,5.79
10595,5.53
10596,4.5
10597,6.36
10598,5.23
10599,6.02
10600,2.62
10601,5.87
10602,4.44
10603,5.64
10604,5.89
10605,1.36
10606,3.91
10607,5.94
10608,5.8
10609,8.03
10610,5.89
10611,4.96
10612,6.07
10613,5.77
10614,6.0
10615,5.69
10616,6.34
10617,5.51
10618,2.53
10619,5.93
10620,5.97
10621,4.05
10622,3.82
10623,5.93
10624,5.47
10625,5.97
10626,4.17
10627,5.3
10628,6.02
10629,5.52
10630,2.64
10631,5.83
10632,3.41
10633,2.51
10634,3.28
10635,3.2
10636,5.5
10637,5.18
10638,2.52
10639,5.66
10640,6.02
10641,3.64
10642,2.93
10643,1.56
10644,3.36
10645,5.98
10646,2.52
10647,5.96
10648,5.78
10649,5.75
10650,3.59
10651,5.87
10652,5.86
10653,5.64
10654,4.75
10655,3.49
10656,5.22
10657,4.01
10658,5.91
10659,5.57
10660,3.44
10661,4.92
10662,4.01
10663,5.7
10664,3.86
10665,5.78
10666,5.21
10667,5.3
10668,5.94
10669,4.06
10670,2.34
10671,4.2
10672,2.54
10673,4.69
10674,3.08
10675,4.1
10676,2.82
10677,2.71
10678,3.2
10679,2.76
10680,5.82
10681,4.5
10682,5.09
10683,5.83
10684,2.21
10685,4.74
10686,3.79
10687,5.9
10688,5.6
10689,5.32
10690,4.1
10691,5.74
10692,5.33
10693,5.51
10694,5.74
10695,4.18
10696,5.7
10697,5.88
10698,4.1
10699,1.73
10700,3.83
10701,5.4
10702,5.68
10703,5.42
10704,3.62
10705,5.99
10706,6.1
10707,6.36
10708,3.96
10709,3.03
10710,5.74
10711,5.03
10712,5.9
10713,2.87
10714,2.21
10715,5.68
10716,5.23
10717,6.04
10718,5.2
10719,5.74
10720,5.76
10721,5.93
10722,2.52
10723,4.93
10724,5.13
10725,1.69
10726,3.02
10727,2.7
10728,2.97
10729,5.81
10730,5.97
10731,5.74
10732,2.37
10733,2.46
10734,5.88
10735,5.88
10736,5.78
10737,5.58
10738,5.57
10739,3.48
10740,2.42
10741,6.06
10742,3.4
10743,5.46
10744,2.58
10745,5.6
10746,4.28
10747,2.35
10748,6.2
10749,4.83
10750,5.42
10751,5.62
10752,4.36
10753,4.2
10754,6.69
10755,5.86
10756,3.78
10757,3.71
10758,4.05
10759,2.56
10760,5.71
10761,5.09
10762,5.88
10763,5.84
10764,5.08
10765,4.87
10766,5.97
10767,5.41
10768,6.15
10769,5.9
10770,6.06
10771,2.43
10772,5.58
10773,2.78
10774,5.92
10775,5.5
10776,4.71
10777,1.93
10778,6.53
10779,5.7
10780,4.04
10781,4.36
10782,5.99
10783,3.88
10784,5.95
10785,5.9
10786,4.82
10787,5.82
10788,5.9
10789,5.71
10790,3.27
10791,3.21
10792,5.66
10793,4.66
10794,5.51
10795,5.76
10796,3.83
10797,6.05
10798,5.94
10799,6.0
10800,2.69
10801,5.88
10802,4.51
10803,4.45
10804,5.55
10805,5.58
10806,5.9
10807,5.97
10808,4.16
10809,2.78
10810,4.27
10811,4.84
10812,3.78
10813,5.16
10814,5.62
10815,2.53
10816,4.1
10817,5.23
10818,4.26
10819,5.49
10820,5.93
10821,2.16
10822,2.16
10823,5.88
10824,5.04
10825,6.03
10826,4.08
10827,5.54
10828,2.38
10829,6.03
10830,5.75
10831,4.75
10832,5.72
10833,5.84
10834,4.29
10835,5.3
10836,4.22
10837,5.2
10838,3.58
10839,3.09
10840,5.7
10841,4.85
10842,5.88
10843,4.38
10844,3.05
10845,5.13
10846,5.67
10847,5.87
10848,3.47
10849,5.66
10850,5.44
10851,3.19
10852,5.09
10853,5.47
10854,6.24
10855,4.74
10856,4.46
10857,6.03
10858,5.7
10859,5.0
10860,5.75
10861,5.57
10862,5.82
10863,5.04
10864,6.19
10865,5.85
10866,5.17
10867,1.56
10868,4.76
10869,4.75
10870,5.62
10871,5.7
10872,3.89
10873,4.53
10874,6.03
10875,5.81
10876,5.67
10877,5.78
10878,6.0
10879,5.98
10880,3.73
10881,5.85
10882,4.58
10883,3.02
10884,3.61
10885,4.11
10886,2.93
10887,4.48
10888,5.53
10889,5.39
10890,5.37
10891,3.52
10892,5.41
10893,2.33
10894,5.54
10895,5.38
10896,2.96
10897,5.95
10898,6.05
10899,2.89
10900,2.8
10901,5.85
10902,3.96
10903,4.16
10904,5.64
10905,5.62
10906,3.01
10907,5.4
10908,5.93
10909,2.8
10910,5.7
10911,5.75
10912,5.87
10913,5.73
10914,4.12
10915,4.36
10916,4.74
10917,5.97
10918,5.92
10919,5.25
10920,6.0
10921,5.69
10922,2.91
10923,3.76
10924,4.79
10925,5.78
10926,5.88
10927,5.59
10928,2.33
10929,3.78
10930,5.22
10931,3.25
10932,6.03
10933,5.91
10934,5.49
10935,6.1
10936,2.74
10937,5.77
10938,3.18
10939,6.18
10940,6.06
10941,2.41
10942,5.81
10943,6.14
10944,3.91
10945,5.9
10946,5.95
10947,4.69
10948,3.9
10949,3.78
10950,2.55
10951,6.04
10952,5.42
10953,3.31
10954,5.33
10955,4.07
10956,5.81
10957,4.93
10958,5.71
10959,5.88
10960,2.64
10961,4.56
10962,3.38
10963,3.58
10964,5.59
10965,4.94
10966,2.95
10967,5.72
10968,5.78
10969,2.66
10970,3.89
10971,5.53
10972,2.96
10973,3.72
10974,5.35
10975,2.24
10976,6.43
10977,5.2
10978,5.5
10979,3.24
10980,5.99
10981,5.34
10982,6.04
10983,3.48
10984,5.92
10985,3.43
10986,6.03
10987,5.1
10988,5.66
10989,4.49
10990,2.06
10991,3.16
10992,5.48
10993,2.94
10994,3.87
10995,2.95
10996,6.0
10997,5.38
10998,5.32
10999,3.73
11000,6.06
11001,5.84
11002,1.94
11003,5.96
11004,5.72
11005,3.79
11006,5.11
11007,5.94
11008,5.55
11009,4.15
11010,5.49
11011,5.75
11012,5.8
11013,5.74
11014,5.42
11015,5.32
11016,5.89
11017,3.3
11018,3.35
11019,3.6
11020,5.99
11021,5.23
11022,6.29
11023,5.69
11024,5.56
11025,4.01
11026,1.72
11027,3.56
11028,4.93
11029,2.34
11030,2.88
11031,4.77
11032,3.26
11033,4.98
11034,3.6
11035,3.99
11036,5.86
11037,5.46
11038,5.64
11039,5.88
11040,5.92
11041,5.8
11042,2.55
11043,2.78
11044,4.05
11045,6.11
11046,2.36
11047,2.95
11048,5.55
11049,5.98
11050,4.02
11051,5.93
11052,3.06
11053,5.43
11054,5.29
11055,5.41
11056,4.7
11057,5.87
11058,6.7
11059,5.77
11060,2.88
11061,5.82
11062,4.77
11063,5.81
11064,3.96
11065,5.27
11066,4.11
11067,3.32
11068,5.04
11069,4.85
11070,5.84
11071,5.56
11072,4.0
11073,5.07
11074,5.57
11075,3.04
11076,3.56
11077,2.93
11078,3.86
11079,5.81
11080,2.66
11081,5.72
11082,4.45
11083,5.67
11084,5.98
11085,5.46
11086,2.48
11087,5.72
11088,2.43
11089,5.39
11090,5.85
11091,3.02
11092,2.73
11093,5.34
11094,4.95
11095,3.24
11096,5.8
11097,2.47
11098,5.45
11099,5.72
11100,5.68
11101,5.42
11102,5.94
11103,3.98
11104,5.74
11105,6.11
11106,4.9
11107,3.42
11108,5.55
11109,6.11
11110,5.71
11111,3.65
11112,5.5
11113,5.14
11114,2.74
11115,5.12
11116,4.0
11117,5.58
11118,5.94
11119,5.9
11120,4.74
11121,6.0
11122,4.61
11123,2.87
11124,5.9
11125,5.3
11126,2.91
11127,4.95
11128,5.89
11129,5.99
11130,5.35
11131,3.07
11132,2.63
11133,3.77
11134,5.82
11135,5.93
11136,5.48
11137,5.96
11138,5.93
11139,5.53
11140,5.62
11141,5.98
11142,5.92
11143,6.17
11144,2.23
11145,5.42
11146,5.81
11147,5.77
11148,3.01
11149,5.35
11150,5.82
11151,5.36
11152,2.69
11153,4.36
11154,3.68
11155,5.54
11156,4.74
11157,3.54
11158,4.3
11159,5.79
11160,3.58
11161,6.02
11162,5.87
11163,6.08
11164,5.94
11165,2.87
11166,3.88
11167,3.65
11168,5.44
11169,4.4
11170,3.41
11171,5.61
11172,5.09
11173,5.01
11174,5.97
11175,4.79
11176,6.01
11177,5.76
11178,1.87
11179,4.12
11180,5.96
11181,5.7
11182,5.75
11183,5.22
11184,5.65
11185,5.85
11186,5.57
11187,3.74
11188,4.14
11189,4.03
11190,4.85
11191,5.16
11192,3.52
11193,6.06
11194,3.66
11195,3.34
11196,6.06
11197,5.51
11198,4.59
11199,2.45
11200,5.51
11201,3.31
11202,5.57
11203,2.84
11204,4.24
11205,5.65
11206,4.23
11207,5.45
11208,5.39
11209,5.82
11210,5.94
11211,5.74
11212,1.6
11213,2.81
11214,3.66
11215,5.91
11216,5.39
11217,5.94
11218,5.58
11219,2.53
11220,3.04
11221,3.89
11222,5.91
11223,3.5
11224,3.07
11225,5.46
11226,5.71
11227,5.73
11228,5.9
11229,4.05
11230,5.87
11231,6.11
11232,2.41
11233,4.11
11234,3.48
11235,2.86
11236,6.03
11237,5.99
11238,2.69
11239,5.47
11240,6.08
11241,5.66
11242,5.12
11243,5.53
11244,5.94
11245,3.03
11246,4.81
11247,2.55
11248,5.69
11249,2.18
11250,4.5
11251,5.92
11252,6.06
11253,5.83
11254,6.01
11255,6.01
11256,5.97
11257,6.03
11258,2.14
11259,5.74
11260,3.43
11261,6.06
11262,5.03
11263,4.51
11264,4.64
11265,5.96
11266,5.92
11267,3.87
11268,1.58
11269,4.61
11270,3.92
11271,5.59
11272,3.36
11273,3.34
11274,2.86
11275,5.88
11276,3.23
11277,3.58
11278,2.37
11279,6.03
11280,4.29
11281,5.84
11282,5.99
11283,4.6
11284,4.83
11285,5.22
11286,5.84
11287,5.8
11288,5.69
11289,3.07
11290,6.37
11291,3.2
11292,4.61
11293,5.22
11294,5.81
11295,5.83
11296,5.99
11297,4.14
11298,6.07
11299,2.86
11300,2.22
11301,4.78
11302,5.93
11303,5.42
11304,5.94
11305,5.76
11306,5.74
11307,5.84
11308,6.06
11309,2.66
11310,5.6
11311,5.59
11312,3.13
11313,5.57
11314,5.65
11315,5.9
11316,3.14
11317,5.65
11318,4.69
11319,2.99
11320,5.87
11321,5.85
11322,6.04
11323,3.6
11324,2.31
11325,4.37
11326,6.05
11327,3.69
11328,5.77
11329,2.35
11330,5.69
11331,5.59
11332,6.08
11333,6.07
11334,5.87
11335,4.13
11336,3.72
11337,4.86
11338,3.71
11339,5.83
11340,5.74
11341,5.99
11342,5.85
11343,4.43
11344,5.83
11345,5.78
11346,6.31
11347,5.97
11348,4.23
11349,4.8
11350,5.85
11351,6.02
11352,3.52
11353,2.49
11354,2.64
11355,3.05
11356,4.73
11357,4.89
11358,5.43
11359,5.62
11360,2.59
11361,5.96
11362,4.02
11363,5.68
11364,2.85
11365,2.6
11366,5.97
11367,2.79
11368,2.32
11369,5.92
11370,2.05
11371,2.67
11372,5.92
11373,3.29
11374,5.42
11375,3.1
11376,5.98
11377,5.73
11378,5.68
11379,4.07
11380,5.1
11381,3.5
11382,2.76
11383,3.08
11384,2.96
11385,5.59
11386,5.36
11387,4.54
11388,5.36
11389,5.86
11390,4.17
11391,4.19
11392,3.72
11393,5.76
11394,5.7
11395,5.77
11396,4.29
11397,5.86
11398,5.85
11399,5.63
11400,5.93
11401,3.48
11402,3.86
11403,6.11
11404,5.49
11405,4.14
11406,4.82
11407,5.58
11408,6.01
11409,3.98
11410,3.56
11411,2.88
11412,5.8
11413,3.71
11414,6.22
11415,5.26
11416,5.7
11417,5.33
11418,6.05
11419,4.53
11420,5.77
11421,5.73
11422,4.94
11423,5.5
11424,3.65
11425,2.92
11426,5.66
11427,4.85
11428,2.37
11429,4.83
11430,5.69
11431,3.18
11432,5.97
11433,4.71
11434,1.97
11435,5.39
11436,2.43
11437,5.78
11438,4.87
11439,5.55
11440,3.85
11441,2.49
11442,3.38
11443,2.37
11444,3.59
11445,5.17
11446,5.2
11447,3.46
11448,5.61
11449,5.54
11450,5.74
11451,3.96
11452,4.61
11453,5.86
11454,4.7
11455,5.78
11456,2.31
11457,4.81
11458,4.6
11459,2.52
11460,3.9
11461,2.8
11462,6.0
11463,5.07
11464,5.74
11465,5.95
11466,4.97
11467,5.3
11468,4.75
11469,6.01
11470,5.76
11471,3.82
11472,3.24
11473,5.89
11474,5.77
11475,4.26
11476,3.91
11477,4.48
11478,5.86
11479,5.75
11480,6.24
11481,6.14
11482,3.79
11483,5.67
11484,3.61
11485,2.26
11486,5.77
11487,5.37
11488,6.23
11489,3.38
11490,4.5
11491,4.45
11492,2.04
11493,2.29
11494,5.07
11495,6.11
11496,2.99
11497,6.16
11498,4.2
11499,2.49
11500,5.28
11501,5.34
11502,5.41
11503,5.67
11504,5.96
11505,4.42
11506,6.2
11507,6.12
11508,5.82
11509,6.04
11510,5.98
11511,5.63
11512,2.51
11513,2.47
11514,5.96
11515,5.94
11516,2.92
11517,2.19
11518,5.43
11519,5.44
11520,5.7
11521,2.41
11522,5.8
11523,5.37
11524,5.66
11525,6.13
11526,5.46
11527,5.98
11528,5.53
11529,5.79
11530,4.31
11531,5.36
11532,4.55
11533,5.94
11534,5.97
11535,4.47
11536,3.88
11537,4.97
11538,5.78
11539,5.74
11540,3.65
11541,5.47
11542,4.91
11543,6.03
11544,5.08
11545,5.62
11546,5.72
11547,4.61
11548,5.94
11549,3.34
11550,5.92
11551,2.22
11552,5.84
11553,5.96
11554,5.31
11555,4.74
11556,6.16
11557,3.86
11558,5.69
11559,5.59
11560,5.32
11561,6.08
11562,6.06
11563,6.14
11564,4.25
11565,5.28
11566,5.91
11567,5.69
11568,5.93
11569,5.75
11570,5.49
11571,4.51
11572,4.89
11573,6.06
11574,4.87
11575,3.19
11576,4.75
11577,5.68
11578,5.2
11579,3.43
11580,3.07
11581,4.2
11582,5.13
11583,3.57
11584,5.99
11585,2.28
11586,6.32
11587,4.08
11588,2.19
11589,5.97
11590,6.14
11591,5.11
11592,5.47
11593,4.63
11594,6.0
11595,5.81
11596,4.26
11597,5.39
11598,6.1
11599,2.25
11600,3.83
11601,5.11
11602,3.89
11603,4.32
11604,2.43
11605,4.28
11606,4.6
11607,5.85
11608,6.0
11609,3.26
11610,5.75
11611,5.61
11612,5.65
11613,5.6
11614,4.24
11615,5.51
11616,3.59
11617,5.44
11618,3.37
11619,5.89
11620,5.6
11621,5.89
11622,6.25
11623,6.07
11624,5.98
11625,4.91
11626,6.03
11627,3.21
11628,3.8
11629,5.48
11630,3.04
11631,3.35
11632,2.4
11633,6.11
11634,5.81
11635,4.75
11636,6.0
11637,6.0
11638,4.62
11639,3.37
11640,2.44
11641,5.63
11642,5.53
11643,3.91
11644,3.74
11645,2.78
11646,6.0
11647,4.33
11648,5.48
11649,5.24
11650,6.0
11651,3.44
11652,5.75
11653,5.78
11654,4.42
11655,3.61
11656,2.84
11657,5.96
11658,5.76
11659,5.7
11660,5.97
11661,5.77
11662,5.38
11663,5.91
11664,2.39
11665,2.7
11666,5.82
11667,3.85
11668,3.87
11669,5.74
11670,5.99
11671,5.92
11672,3.38
11673,5.89
11674,3.08
11675,6.01
11676,3.27
11677,5.64
11678,6.0
11679,4.28
11680,6.02
11681,5.12
11682,3.8
11683,5.05
11684,3.57
11685,2.82
11686,5.16
11687,5.84
11688,5.0
11689,2.51
11690,5.7
11691,2.76
11692,2.62
11693,2.09
11694,5.84
11695,5.34
11696,5.92
11697,2.89
11698,3.99
11699,2.56
11700,5.98
11701,5.05
11702,5.95
11703,4.74
11704,4.46
11705,3.21
11706,5.7
11707,5.57
11708,5.91
11709,2.93
11710,5.74
11711,5.43
11712,5.76
11713,2.31
11714,5.41
11715,6.12
11716,5.53
11717,5.52
11718,2.86
11719,3.33
11720,5.72
11721,8.28
11722,5.78
11723,5.95
11724,4.88
11725,5.82
11726,5.59
11727,5.88
11728,5.04
11729,5.92
11730,4.11
11731,3.69
11732,5.85
11733,4.35
11734,3.0
11735,5.9
11736,4.33
11737,5.99
11738,3.44
11739,4.71
11740,3.28
11741,4.9
11742,4.78
11743,5.81
11744,2.51
11745,2.62
11746,5.86
11747,5.93
11748,5.54
11749,5.26
11750,2.18
11751,3.64
11752,6.06
11753,5.41
11754,5.5
11755,4.3
11756,3.53
11757,5.86
11758,5.99
11759,6.07
11760,5.9
11761,5.94
11762,3.56
11763,5.81
11764,5.87
11765,5.66
11766,2.86
11767,4.04
11768,3.71
11769,4.42
11770,5.81
11771,5.9
11772,5.73
11773,6.07
11774,4.37
11775,5.55
11776,5.0
11777,4.59
11778,3.76
11779,5.79
11780,5.51
11781,2.14
11782,5.55
11783,5.78
11784,5.18
11785,5.85
11786,5.84
11787,5.03
11788,2.69
11789,4.77
11790,5.67
11791,5.88
11792,2.69
11793,3.26
11794,5.34
11795,5.75
11796,5.72
11797,5.05
11798,5.07
11799,5.68
11800,5.76
11801,5.94
11802,5.87
11803,3.47
11804,5.86
11805,6.05
11806,3.05
11807,4.48
11808,5.81
11809,5.92
11810,3.63
11811,3.66
11812,5.62
11813,5.81
11814,2.82
11815,4.48
11816,2.94
11817,5.95
11818,5.39
11819,5.88
11820,4.58
11821,5.86
11822,4.63
11823,3.52
11824,5.78
11825,5.31
11826,5.69
11827,2.81
11828,5.56
11829,4.05
11830,2.61
11831,4.27
11832,2.31
11833,4.82
11834,5.55
11835,2.08
11836,6.26
11837,6.01
11838,5.87
11839,3.54
11840,6.08
11841,4.01
11842,5.15
11843,3.86
11844,6.01
11845,3.73
11846,5.45
11847,2.55
11848,5.89
11849,4.43
11850,5.69
11851,5.84
11852,5.04
11853,4.33
11854,5.96
11855,5.53
11856,4.18
11857,3.36
11858,5.64
11859,3.79
11860,3.56
11861,5.48
11862,5.53
11863,2.44
11864,2.36
11865,5.89
11866,2.35
11867,5.31
11868,6.03
11869,4.53
11870,5.85
11871,5.36
11872,5.58
11873,5.8
11874,4.36
11875,6.07
11876,2.96
11877,5.55
11878,3.43
11879,6.07
11880,5.23
11881,5.93
11882,3.98
11883,5.94
11884,2.37
11885,3.75
11886,6.68
11887,5.34
11888,3.52
11889,6.13
11890,6.08
11891,5.63
11892,3.55
11893,5.85
11894,5.75
11895,5.97
11896,5.56
11897,5.99
11898,5.83
11899,2.7
11900,5.64
11901,4.55
11902,2.27
11903,5.7
11904,2.59
11905,6.19
11906,5.71
11907,6.23
11908,5.49
11909,5.57
11910,5.83
11911,3.39
11912,5.7
11913,2.58
11914,5.4
11915,4.99
11916,5.96
11917,5.55
11918,3.03
11919,5.14
11920,2.09
11921,5.74
11922,3.48
11923,2.47
11924,4.35
11925,5.74
11926,5.94
11927,2.58
11928,5.7
11929,2.65
11930,4.46
11931,3.92
11932,3.46
11933,5.6
11934,5.97
11935,2.66
11936,4.09
11937,3.75
11938,5.96
11939,5.28
11940,5.75
11941,5.75
11942,4.88
11943,2.74
11944,4.68
11945,3.64
11946,5.34
11947,5.38
11948,5.37
11949,3.97
11950,5.65
11951,3.25
11952,6.04
11953,5.78
11954,5.85
11955,4.52
11956,5.95
11957,6.08
11958,5.78
11959,2.69
11960,5.81
11961,3.69
11962,4.71
11963,2.85
11964,2.92
11965,4.22
11966,3.68
11967,5.61
11968,5.44
11969,5.94
11970,3.13
11971,3.45
11972,5.92
11973,5.89
11974,3.78
11975,5.15
11976,3.28
11977,3.36
11978,4.48
11979,2.25
11980,5.73
11981,5.98
11982,5.66
11983,5.8
11984,5.75
11985,5.77
11986,4.66
11987,5.82
11988,5.62
11989,4.02
11990,2.83
11991,2.73
11992,3.81
11993,5.89
11994,3.56
11995,4.1
11996,5.65
11997,3.82
11998,4.67
11999,5.6
12000,5.07
12001,4.14
12002,3.22
12003,6.06
12004,4.09
12005,6.0
12006,5.91
12007,5.88
12008,5.59
12009,2.27
12010,3.52
12011,5.75
12012,2.25
12013,2.83
12014,3.29
12015,5.82
12016,5.97
12017,3.34
12018,5.33
12019,5.89
12020,5.89
12021,3.77
12022,2.71
12023,6.06
12024,5.19
12025,6.17
12026,4.86
12027,5.9
12028,6.01
12029,2.97
12030,5.59
12031,5.59
12032,2.39
12033,5.77
12034,6.28
12035,5.48
12036,3.88
12037,4.12
12038,3.46
12039,5.3
12040,5.43
12041,5.85
12042,2.99
12043,5.38
12044,5.83
12045,2.54
12046,5.45
12047,2.68
12048,6.06
12049,4.98
12050,4.02
12051,5.75
12052,3.33
12053,5.79
12054,4.82
12055,5.72
12056,5.19
12057,5.36
12058,6.14
12059,5.96
12060,5.51
12061,4.1
12062,4.36
12063,5.95
12064,3.26
12065,2.97
12066,2.44
12067,5.34
12068,6.12
12069,3.04
12070,4.58
12071,3.62
12072,4.65
12073,6.07
12074,5.51
12075,6.0
12076,5.92
12077,5.46
12078,5.94
12079,5.54
12080,4.06
12081,5.51
12082,5.66
12083,3.35
12084,5.96
12085,4.32
12086,3.6
12087,4.23
12088,3.43
12089,2.18
12090,5.68
12091,4.11
12092,5.7
12093,3.21
12094,2.36
12095,3.15
12096,4.38
12097,2.09
12098,4.12
12099,2.39
12100,6.03
12101,3.18
12102,5.85
12103,2.42
12104,5.08
12105,4.24
12106,3.62
12107,6.01
12108,3.19
12109,4.56
12110,3.36
12111,4.51
12112,2.08
12113,5.79
12114,3.35
12115,5.37
12116,4.99
12117,3.52
12118,5.93
12119,5.0
12120,4.88
12121,5.97
12122,5.9
12123,2.04
12124,3.95
12125,5.83
12126,5.61
12127,5.33
12128,4.67
12129,6.04
12130,2.27
12131,3.33
12132,5.89
12133,5.92
12134,4.93
12135,3.79
12136,5.91
12137,5.48
12138,5.26
12139,3.54
12140,4.84
12141,5.91
12142,3.99
12143,4.14
12144,5.91
12145,5.64
12146,2.84
12147,5.13
12148,2.69
12149,5.83
12150,4.28
12151,4.59
12152,5.7
12153,5.75
12154,4.09
12155,2.67
12156,5.11
12157,5.99
12158,2.81
12159,5.43
12160,5.47
12161,2.71
12162,3.85
12163,3.39
12164,5.34
12165,4.06
12166,5.83
12167,5.33
12168,5.28
12169,4.55
12170,3.56
12171,5.99
12172,4.43
12173,6.01
12174,5.79
12175,5.97
12176,3.44
12177,5.36
12178,5.86
12179,3.79
12180,5.96
12181,5.7
12182,5.37
12183,5.57
12184,2.61
12185,5.75
12186,3.78
12187,3.09
12188,5.81
12189,5.57
12190,3.29
12191,5.43
12192,2.48
12193,6.17
12194,5.83
12195,5.86
12196,5.98
12197,2.49
12198,5.91
12199,5.77
12200,4.69
12201,5.85
12202,5.57
12203,3.55
12204,3.99
12205,6.04
12206,6.12
12207,2.71
12208,4.51
12209,2.87
12210,3.76
12211,5.52
12212,4.2
12213,4.61
12214,4.61
12215,2.83
12216,5.63
12217,5.85
12218,5.98
12219,5.64
12220,3.31
12221,5.43
12222,4.43
12223,2.44
12224,5.9
12225,5.92
12226,5.38
12227,5.1
12228,5.81
12229,5.74
12230,5.88
12231,4.08
12232,4.38
12233,3.92
12234,3.52
12235,4.35
12236,5.87
12237,2.68
12238,5.78
12239,4.1
12240,2.44
12241,6.02
12242,5.74
12243,5.94
12244,6.07
12245,4.73
12246,4.57
12247,5.97
12248,5.17
12249,5.99
12250,2.49
12251,5.03
12252,2.39
12253,2.79
12254,4.07
12255,5.8
12256,5.27
12257,5.53
12258,2.45
12259,2.3
12260,3.7
12261,5.78
12262,2.67
12263,5.87
12264,2.46
12265,5.83
12266,4.76
12267,3.16
12268,4.82
12269,2.83
12270,5.89
12271,6.2
12272,6.13
12273,6.02
12274,3.91
12275,3.17
12276,3.45
12277,5.69
12278,4.17
12279,6.02
12280,4.62
12281,4.29
12282,4.4
12283,5.37
12284,5.57
12285,6.01
12286,5.94
12287,2.73
12288,5.4
12289,3.97
12290,5.73
12291,3.38
12292,2.5
12293,4.9
12294,2.93
12295,5.86
12296,5.65
12297,4.06
12298,4.73
12299,2.72
12300,2.58
12301,4.89
12302,5.64
12303,3.3
12304,2.83
12305,2.67
12306,3.67
12307,5.77
12308,6.05
12309,5.74
12310,5.14
12311,3.18
12312,3.86
12313,5.86
12314,5.57
12315,5.7
12316,2.99
12317,4.38
12318,3.07
12319,5.89
12320,2.5
12321,5.59
12322,3.97
12323,2.32
12324,3.25
12325,2.42
12326,6.15
12327,5.58
12328,2.21
12329,5.63
12330,5.96
12331,5.38
12332,6.08
12333,2.65
12334,5.26
12335,5.18
12336,5.97
12337,2.98
12338,4.27
12339,5.94
12340,3.41
12341,5.7
12342,5.2
12343,5.91
12344,6.02
12345,6.0
12346,3.47
12347,3.76
12348,6.08
12349,5.38
12350,5.0
12351,5.45
12352,5.97
12353,5.8
12354,5.91
12355,4.42
12356,5.64
12357,4.67
12358,5.89
12359,6.06
12360,3.65
12361,5.02
12362,5.47
12363,5.12
12364,2.18
12365,5.61
12366,5.12
12367,5.36
12368,5.6
12369,2.88
12370,6.12
12371,4.54
12372,5.98
12373,5.94
12374,5.43
12375,5.52
12376,4.08
12377,2.62
12378,5.26
12379,6.02
12380,6.16
12381,5.91
12382,6.0
12383,4.56
12384,6.01
12385,5.31
12386,7.33
12387,5.94
12388,3.94
12389,4.26
12390,5.09
12391,6.25
12392,6.16
12393,5.36
12394,4.3
12395,5.07
12396,5.88
12397,5.29
12398,5.14
12399,5.02
12400,3.48
12401,3.65
12402,3.98
12403,5.22
12404,3.54
12405,3.93
12406,3.83
12407,5.13
12408,5.77
12409,5.89
12410,5.12
12411,5.56
12412,3.59
12413,2.28
12414,4.27
12415,5.29
12416,3.51
12417,5.59
12418,5.65
12419,5.81
12420,5.88
12421,3.97
12422,3.87
12423,4.24
12424,5.21
12425,6.13
12426,5.71
12427,5.8
12428,3.57
12429,6.04
12430,2.83
12431,5.95
12432,6.03
12433,3.26
12434,5.89
12435,3.19
12436,4.76
12437,5.52
12438,4.02
12439,4.72
12440,5.39
12441,4.54
12442,5.87
12443,5.86
12444,5.23
12445,4.39
12446,3.15
12447,3.8
12448,3.07
12449,5.38
12450,5.59
12451,2.52
12452,5.71
12453,5.92
12454,2.69
12455,5.85
12456,4.87
12457,2.43
12458,5.69
12459,2.52
12460,2.07
12461,4.08
12462,5.48
12463,3.64
12464,5.49
12465,2.81
12466,4.11
12467,5.63
12468,5.04
12469,4.65
12470,5.57
12471,2.64
12472,2.37
12473,2.68
12474,3.85
12475,3.69
12476,3.83
12477,3.29
12478,2.03
12479,5.6
12480,4.27
12481,5.93
12482,5.94
12483,5.32
12484,2.08
12485,6.08
12486,4.25
12487,5.57
12488,2.78
12489,6.19
12490,5.82
12491,5.35
12492,5.61
12493,5.11
12494,4.87
12495,2.35
12496,6.11
12497,3.74
12498,1.84
12499,2.34
12500,4.13
12501,2.72
12502,3.31
12503,4.66
12504,4.76
12505,5.98
12506,5.39
12507,3.95
12508,4.71
12509,3.35
12510,6.03
12511,6.35
12512,3.99
12513,4.61
12514,6.15
12515,3.42
12516,5.72
12517,5.95
12518,5.22
12519,4.12
12520,5.78
12521,5.42
12522,4.91
12523,5.86
12524,5.86
12525,3.05
12526,5.95
12527,2.85
12528,5.51
12529,1.9
12530,4.11
12531,5.76
12532,5.8
12533,2.88
12534,5.81
12535,2.79
12536,5.3
12537,4.77
12538,3.12
12539,3.86
12540,3.24
12541,3.33
12542,5.59
12543,5.56
12544,5.5
12545,3.9
12546,5.53
12547,2.4
12548,5.55
12549,4.23
12550,2.51
12551,6.39
12552,5.81
12553,5.9
12554,5.64
12555,5.79
12556,4.64
12557,2.48
12558,5.8
12559,6.11
12560,3.98
12561,6.27
12562,2.87
12563,5.87
12564,3.73
12565,3.5
12566,4.56
12567,3.66
12568,2.43
12569,2.96
12570,3.5
12571,5.34
12572,5.75
12573,4.0
12574,5.73
12575,5.77
12576,3.76
12577,5.92
12578,6.1
12579,5.87
12580,4.6
12581,6.02
12582,2.93
12583,6.01
12584,3.52
12585,5.47
12586,3.89
12587,4.38
12588,4.61
12589,5.73
12590,6.26
12591,5.64
12592,5.95
12593,5.77
12594,3.94
12595,5.73
12596,6.02
12597,4.41
12598,5.49
12599,4.42
12600,5.85
12601,5.92
12602,5.91
12603,2.94
12604,4.58
12605,5.76
12606,5.86
12607,2.55
12608,2.52
12609,2.58
12610,4.72
12611,2.35
12612,4.18
12613,5.6
12614,2.99
12615,5.74
12616,1.36
12617,2.43
12618,6.03
12619,5.54
12620,3.28
12621,3.11
12622,5.06
12623,5.9
12624,5.91
12625,5.49
12626,3.69
12627,3.08
12628,2.15
12629,2.23
12630,3.38
12631,5.95
12632,4.26
12633,4.56
12634,4.53
12635,5.96
12636,3.08
12637,6.1
12638,2.39
12639,5.81
12640,3.33
12641,5.74
12642,5.81
12643,5.4
12644,5.96
12645,5.25
12646,3.25
12647,5.92
12648,5.32
12649,5.56
12650,5.41
12651,6.0
12652,4.37
12653,5.76
12654,5.94
12655,5.76
12656,5.48
12657,5.67
12658,4.73
12659,5.43
12660,3.76
12661,3.58
12662,2.45
12663,4.36
12664,5.59
12665,5.94
12666,5.08
12667,2.22
12668,5.64
12669,4.21
12670,3.8
12671,2.83
12672,6.11
12673,5.41
12674,5.85
12675,5.72
12676,1.99
12677,5.63
12678,3.9
12679,2.33
12680,3.0
12681,3.12
12682,2.78
12683,5.55
12684,4.6
12685,5.78
12686,4.67
12687,4.22
12688,3.82
12689,2.75
12690,3.29
12691,4.09
12692,8.75
12693,5.44
12694,3.36
12695,2.86
12696,5.75
12697,4.25
12698,3.88
12699,4.8
12700,5.92
12701,6.11
12702,4.43
12703,4.19
12704,5.83
12705,3.41
12706,5.68
12707,5.61
12708,6.06
12709,4.58
12710,5.9
12711,3.27
12712,5.63
12713,6.0
12714,5.68
12715,4.15
12716,5.45
12717,2.95
12718,2.34
12719,2.78
12720,6.13
12721,4.78
12722,5.95
12723,2.79
12724,3.12
12725,3.52
12726,7.0
12727,2.35
12728,5.29
12729,2.53
12730,6.14
12731,4.33
12732,5.25
12733,5.9
12734,4.53
12735,6.03
12736,2.83
12737,5.95
12738,1.92
12739,5.75
12740,5.63
12741,5.91
12742,2.25
12743,3.82
12744,4.32
12745,5.98
12746,2.16
12747,5.86
12748,5.8
12749,3.82
12750,3.75
12751,4.25
12752,5.47
12753,6.02
12754,1.96
12755,5.98
12756,5.94
12757,5.67
12758,5.02
12759,5.87
12760,6.49
12761,5.98
12762,3.75
12763,2.38
12764,5.62
12765,2.76
12766,2.73
12767,4.03
12768,5.8
12769,5.82
12770,4.61
12771,5.87
12772,6.07
12773,3.55
12774,5.65
12775,6.08
12776,4.83
12777,5.5
12778,3.54
12779,2.98
12780,4.35
12781,2.44
12782,5.13
12783,2.85
12784,4.11
12785,5.69
12786,2.67
12787,5.88
12788,5.55
12789,3.2
12790,5.85
12791,4.5
12792,2.63
12793,2.98
12794,3.22
12795,5.79
12796,2.53
12797,6.0
12798,3.37
12799,6.06
12800,3.12
12801,5.51
12802,2.86
12803,2.38
12804,5.91
12805,5.28
12806,4.07
12807,4.89
12808,4.59
12809,4.99
12810,4.68
12811,5.69
12812,3.38
12813,5.74
12814,3.29
12815,2.38
12816,5.92
12817,5.93
12818,4.94
12819,5.87
12820,5.29
12821,5.77
12822,3.92
12823,5.69
12824,5.51
12825,5.86
12826,6.25
12827,5.99
12828,4.21
12829,5.75
12830,2.49
12831,5.53
12832,6.13
12833,4.98
12834,5.21
12835,3.83
12836,2.68
12837,4.42
12838,5.75
12839,5.36
12840,5.87
12841,5.82
12842,5.48
12843,5.83
12844,5.16
12845,3.91
12846,4.96
12847,5.34
12848,5.66
12849,5.82
12850,5.56
12851,5.55
12852,4.38
12853,3.22
12854,5.3
12855,5.3
12856,5.45
12857,5.06
12858,5.22
12859,1.81
12860,5.58
12861,3.53
12862,4.07
12863,2.57
12864,5.04
12865,2.66
12866,2.07
12867,3.93
12868,2.46
12869,5.87
12870,4.27
12871,5.87
12872,2.82
12873,2.19
12874,4.25
12875,5.88
12876,4.9
12877,3.73
12878,5.51
12879,5.58
12880,2.88
12881,5.57
12882,4.33
12883,4.04
12884,5.61
12885,5.48
12886,5.89
12887,5.85
12888,5.45
12889,4.21
12890,5.82
12891,5.48
12892,4.35
12893,6.05
12894,5.5
12895,3.02
12896,5.57
12897,3.42
12898,4.78
12899,4.15
12900,5.41
12901,6.11
12902,4.29
12903,4.15
12904,6.04
12905,4.84
12906,1.73
12907,5.95
12908,2.61
12909,6.15
12910,6.22
12911,5.9
12912,2.58
12913,5.01
12914,5.95
12915,5.02
12916,5.94
12917,3.6
12918,3.66
12919,3.0
12920,5.58
12921,3.8
12922,5.2
12923,5.96
12924,5.98
12925,2.42
12926,3.49
12927,4.32
12928,6.04
12929,3.24
12930,5.8
12931,3.19
12932,6.21
12933,4.02
12934,5.88
12935,3.86
12936,5.98
12937,2.51
12938,5.99
12939,5.63
12940,6.3
12941,2.49
12942,3.66
12943,3.75
12944,5.77
12945,2.71
12946,5.92
12947,2.39
12948,3.1
12949,4.57
12950,5.67
12951,5.91
12952,4.56
12953,4.39
12954,6.21
12955,5.8
12956,2.49
12957,5.45
12958,3.78
12959,2.84
12960,4.0
12961,2.66
12962,6.09
12963,4.54
12964,2.46
12965,5.51
12966,5.98
12967,6.0
12968,5.93
12969,3.68
12970,5.54
12971,2.63
12972,2.84
12973,5.63
12974,2.21
12975,5.84
12976,5.76
12977,4.93
12978,3.69
12979,5.07
12980,4.43
12981,5.76
12982,5.46
12983,5.8
12984,2.89
12985,5.96
12986,6.0
12987,4.88
12988,5.48
12989,6.14
12990,2.44
12991,3.83
12992,4.17
12993,2.5
12994,3.05
12995,5.75
12996,2.64
12997,3.87
12998,5.36
12999,3.78
13000,5.33
13001,2.73
13002,2.83
13003,5.88
13004,5.8
13005,3.87
13006,5.84
13007,5.06
13008,2.96
13009,3.8
13010,5.9
13011,4.83
13012,3.19
13013,5.87
13014,2.45
13015,5.55
13016,5.93
13017,3.47
13018,5.27
13019,5.96
13020,4.42
13021,5.71
13022,5.82
13023,5.92
13024,4.34
13025,5.71
13026,2.17
13027,4.04
13028,5.64
13029,4.12
13030,5.86
13031,2.69
13032,4.65
13033,5.88
13034,2.41
13035,4.38
13036,6.05
13037,3.68
13038,5.87
13039,2.42
13040,4.62
13041,4.57
13042,5.88
13043,5.48
13044,5.84
13045,5.84
13046,5.93
13047,2.4
13048,4.02
13049,3.94
13050,5.73
13051,5.96
13052,6.03
13053,5.98
13054,5.82
13055,2.54
13056,4.16
13057,3.65
13058,4.13
13059,2.59
13060,6.0
13061,6.11
13062,5.95
13063,4.21
13064,5.27
13065,5.99
13066,2.97
13067,6.0
13068,5.44
13069,2.14
13070,5.83
13071,3.99
13072,2.44
13073,5.13
13074,5.98
13075,5.6
13076,3.13
13077,4.73
13078,6.01
13079,5.34
13080,4.11
13081,5.95
13082,5.04
13083,5.92
13084,3.7
13085,6.07
13086,5.83
13087,1.6
13088,5.96
13089,5.93
13090,5.8
13091,4.42
13092,5.75
13093,5.38
13094,5.65
13095,5.83
13096,5.95
13097,5.9
13098,4.8
13099,5.85
13100,5.79
13101,7.5
13102,5.8
13103,4.09
13104,5.81
13105,6.03
13106,6.18
13107,2.36
13108,3.45
13109,4.17
13110,5.7
13111,6.01
13112,5.71
13113,5.93
13114,6.1
13115,4.49
13116,4.51
13117,5.77
13118,2.82
13119,5.68
13120,3.32
13121,3.34
13122,3.6
13123,6.03
13124,4.66
13125,2.66
13126,2.4
13127,5.86
13128,3.98
13129,5.17
13130,5.79
13131,5.94
13132,5.73
13133,5.63
13134,4.27
13135,2.41
13136,5.23
13137,5.2
13138,5.89
13139,5.86
13140,4.66
13141,5.6
13142,4.08
13143,4.05
13144,5.26
13145,5.93
13146,6.08
13147,2.99
13148,5.34
13149,5.93
13150,3.32
13151,4.37
13152,3.77
13153,2.88
13154,2.44
13155,4.66
13156,2.36
13157,4.54
13158,3.25
13159,5.77
13160,2.67
13161,5.25
13162,4.46
13163,4.04
13164,2.8
13165,3.59
13166,5.57
13167,4.13
13168,5.62
13169,5.69
13170,5.82
13171,5.97
13172,3.82
13173,2.87
13174,5.7
13175,5.94
13176,4.57
13177,5.52
13178,5.93
13179,5.42
13180,6.1
13181,6.37
13182,4.65
13183,5.94
13184,4.21
13185,6.0
13186,3.81
13187,5.26
13188,5.49
13189,3.5
13190,3.39
13191,3.66
13192,4.37
13193,5.89
13194,3.63
13195,2.48
13196,4.8
13197,5.95
13198,5.41
13199,5.79
13200,3.17
13201,6.06
13202,4.41
13203,4.29
13204,2.67
13205,2.78
13206,3.01
13207,3.72
13208,2.89
13209,5.93
13210,5.8
13211,5.98
13212,3.69
13213,5.02
13214,3.56
13215,5.41
13216,5.66
13217,3.56
13218,2.41
13219,6.06
13220,4.58
13221,5.16
13222,4.06
13223,2.49
13224,6.65
13225,6.07
13226,5.57
13227,5.88
13228,5.35
13229,5.92
13230,6.05
13231,5.79
13232,4.02
13233,6.1
13234,6.01
13235,5.94
13236,5.87
13237,5.52
13238,4.98
13239,5.41
13240,6.03
13241,5.32
13242,5.94
13243,5.86
13244,4.82
13245,5.78
13246,4.41
13247,2.58
13248,3.2
13249,2.04
13250,5.67
13251,3.82
13252,5.69
13253,2.23
13254,2.77
13255,5.84
13256,2.58
13257,3.31
13258,6.03
13259,2.32
13260,5.43
13261,6.03
13262,5.55
13263,3.78
13264,3.68
13265,6.06
13266,5.83
13267,5.8
13268,5.66
13269,4.83
13270,3.65
13271,5.52
13272,3.01
13273,4.08
13274,3.27
13275,4.42
13276,6.02
13277,5.76
13278,5.63
13279,5.3
13280,4.05
13281,5.52
13282,5.88
13283,2.34
13284,4.98
13285,4.69
13286,3.93
13287,4.36
13288,3.04
13289,4.81
13290,5.94
13291,3.17
13292,4.46
13293,3.89
13294,3.25
13295,3.85
13296,6.1
13297,2.34
13298,5.94
13299,3.08
13300,2.04
13301,5.41
13302,6.04
13303,5.81
13304,4.03
13305,5.57
13306,2.7
13307,4.05
13308,4.15
13309,4.79
13310,5.29
13311,4.86
13312,4.17
13313,3.68
13314,5.99
13315,2.59
13316,5.62
13317,5.94
13318,5.81
13319,2.75
13320,5.44
13321,2.29
13322,2.15
13323,2.73
13324,3.86
13325,3.06
13326,3.52
13327,5.88
13328,4.78
13329,6.13
13330,2.8
13331,6.06
13332,4.48
13333,5.8
13334,5.81
13335,5.67
13336,5.69
13337,3.36
13338,3.04
13339,3.31
13340,5.56
13341,3.64
13342,5.88
13343,2.54
13344,5.79
13345,2.96
13346,5.66
13347,3.94
13348,5.85
13349,4.34
13350,4.42
13351,5.55
13352,5.87
13353,5.27
13354,5.67
13355,5.49
13356,2.44
13357,2.37
13358,5.9
13359,4.5
13360,4.73
13361,3.22
13362,2.43
13363,5.88
13364,5.86
13365,5.88
13366,3.76
13367,4.95
13368,4.42
13369,2.65
13370,5.33
13371,5.97
13372,4.52
13373,5.73
13374,6.13
13375,4.75
13376,2.64
13377,4.47
13378,5.71
13379,5.39
13380,5.65
13381,3.5
13382,3.84
13383,4.27
13384,5.59
13385,2.68
13386,3.65
13387,5.85
13388,5.92
13389,5.42
13390,5.51
13391,3.55
13392,4.24
13393,4.89
13394,5.81
13395,6.04
13396,5.51
13397,2.18
13398,4.37
13399,4.6
13400,2.89
13401,5.47
13402,3.98
13403,5.06
13404,5.85
13405,2.43
13406,6.15
13407,4.05
13408,3.95
13409,5.81
13410,5.94
13411,2.31
13412,4.32
13413,3.02
13414,3.48
13415,5.47
13416,3.6
13417,4.36
13418,2.38
13419,5.77
13420,8.55
13421,5.56
13422,5.95
13423,5.84
13424,3.33
13425,2.4
13426,4.44
13427,5.67
13428,5.92
13429,3.35
13430,4.67
13431,3.31
13432,5.24
13433,3.69
13434,5.38
13435,5.63
13436,3.94
13437,2.75
13438,3.66
13439,2.6
13440,3.41
13441,5.99
13442,3.63
13443,5.8
13444,5.56
13445,4.28
13446,2.62
13447,5.91
13448,5.97
13449,5.73
13450,2.25
13451,2.95
13452,6.03
13453,6.09
13454,5.42
13455,5.73
13456,6.0
13457,3.34
13458,4.43
13459,5.53
13460,2.63
13461,5.64
13462,5.51
13463,2.95
13464,5.88
13465,3.05
13466,5.77
13467,5.56
13468,6.03
13469,3.54
13470,5.08
13471,5.1
13472,3.7
13473,3.75
13474,5.9
13475,4.58
13476,2.18
13477,2.92
13478,4.05
13479,4.68
13480,2.85
13481,5.76
13482,5.21
13483,3.3
13484,5.46
13485,5.75
13486,6.07
13487,3.79
13488,4.22
13489,3.47
13490,2.54
13491,5.67
13492,3.92
13493,2.84
13494,4.23
13495,2.3
13496,2.55
13497,3.71
13498,5.95
13499,4.09
13500,4.81
13501,3.85
13502,5.35
13503,5.79
13504,6.04
13505,5.21
13506,5.99
13507,5.66
13508,5.25
13509,5.73
13510,5.94
13511,4.91
13512,5.86
13513,2.37
13514,4.95
13515,3.36
13516,6.11
13517,6.0
13518,5.85
13519,5.73
13520,4.63
13521,5.72
13522,3.63
13523,3.99
13524,6.04
13525,6.02
13526,3.25
13527,4.78
13528,5.93
13529,5.61
13530,5.39
13531,5.82
13532,2.4
13533,3.12
13534,2.96
13535,5.54
13536,2.71
13537,6.05
13538,3.9
13539,4.94
13540,4.91
13541,5.57
13542,6.01
13543,5.77
13544,4.18
13545,6.04
13546,5.81
13547,3.96
13548,4.54
13549,3.47
13550,3.18
13551,5.93
13552,5.72
13553,5.16
13554,5.62
13555,3.2
13556,5.76
13557,6.07
13558,4.89
13559,5.7
13560,4.45
13561,5.87
13562,5.98
13563,5.39
13564,5.06
13565,1.67
13566,4.11
13567,5.66
13568,2.77
13569,4.16
13570,6.01
13571,2.55
13572,4.67
13573,3.77
13574,5.5
13575,5.86
13576,2.4
13577,5.67
13578,2.86
13579,6.11
13580,5.93
13581,2.38
13582,3.64
13583,5.87
13584,4.38
13585,6.05
13586,5.89
13587,4.24
13588,4.02
13589,6.27
13590,5.62
13591,5.46
13592,5.24
13593,4.54
13594,5.53
13595,5.91
13596,6.01
13597,5.97
13598,5.87
13599,5.68
13600,5.76
13601,5.58
13602,5.81
13603,2.94
13604,5.62
13605,6.1
13606,2.9
13607,5.75
13608,3.99
13609,5.38
13610,5.61
13611,4.86
13612,5.73
13613,6.11
13614,5.99
13615,5.88
13616,5.47
13617,4.38
13618,4.17
13619,5.61
13620,4.08
13621,3.56
13622,3.74
13623,4.38
13624,5.66
13625,2.58
13626,5.29
13627,6.02
13628,3.56
13629,3.27
13630,2.81
13631,5.31
13632,2.09
13633,5.5
13634,2.33
13635,3.83
13636,2.56
13637,5.92
13638,5.0
13639,5.84
13640,4.5
13641,5.62
13642,6.05
13643,5.86
13644,4.07
13645,5.79
13646,5.77
13647,5.86
13648,5.28
13649,2.59
13650,3.5
13651,5.43
13652,5.53
13653,4.28
13654,5.93
13655,4.16
13656,6.02
13657,5.39
13658,6.28
13659,4.15
13660,4.66
13661,3.55
13662,4.51
13663,5.99
13664,6.05
13665,4.4
13666,4.88
13667,4.46
13668,5.47
13669,5.96
13670,3.14
13671,4.16
13672,3.46
13673,5.62
13674,3.87
13675,5.26
13676,4.33
13677,5.48
13678,2.28
13679,5.96
13680,5.65
13681,5.67
13682,2.5
13683,3.37
13684,4.58
13685,2.89
13686,6.12
13687,5.6
13688,1.91
13689,3.77
13690,2.6
13691,5.72
13692,5.55
13693,5.96
13694,6.05
13695,3.77
13696,5.95
13697,4.71
13698,5.89
13699,2.5
13700,2.34
13701,5.56
13702,2.41
13703,5.74
13704,5.8
13705,4.61
13706,2.86
13707,3.01
13708,2.37
13709,2.72
13710,2.81
13711,5.66
13712,3.82
13713,5.9
13714,5.85
13715,4.54
13716,8.08
13717,5.19
13718,5.69
13719,5.51
13720,5.2
13721,5.98
13722,6.27
13723,5.26
13724,5.88
13725,2.99
13726,5.7
13727,5.32
13728,3.25
13729,5.53
13730,4.43
13731,1.48
13732,2.02
13733,4.63
13734,4.32
13735,5.94
13736,5.86
13737,5.43
13738,2.6
13739,5.43
13740,5.84
13741,5.04
13742,5.12
13743,5.98
13744,5.91
13745,5.98
13746,4.78
13747,3.04
13748,6.01
13749,5.95
13750,5.92
13751,5.57
13752,5.64
13753,6.05
13754,6.18
13755,5.82
13756,5.77
13757,2.67
13758,3.14
13759,4.34
13760,2.95
13761,5.7
13762,5.32
13763,5.54
13764,5.93
13765,5.3
13766,3.86
13767,2.55
13768,5.89
13769,4.53
13770,3.81
13771,5.12
13772,2.59
13773,3.18
13774,5.89
13775,3.15
13776,3.98
13777,5.64
13778,4.18
13779,3.64
13780,6.01
13781,4.07
13782,2.68
13783,5.46
13784,5.45
13785,5.49
13786,5.08
13787,5.77
13788,5.53
13789,5.16
13790,3.2
13791,5.27
13792,3.51
13793,3.78
13794,4.28
13795,5.36
13796,2.9
13797,6.34
13798,2.37
13799,2.33
13800,2.69
13801,6.03
13802,5.85
13803,4.22
13804,3.21
13805,5.43
13806,3.99
13807,5.33
13808,4.06
13809,5.65
13810,5.55
13811,6.01
13812,5.62
13813,4.25
13814,5.82
13815,3.09
13816,3.97
13817,5.17
13818,6.09
13819,3.4
13820,5.68
13821,2.54
13822,6.0
13823,5.04
13824,5.84
13825,6.0
13826,6.3
13827,4.17
13828,5.97
13829,5.27
13830,5.9
13831,5.73
13832,5.35
13833,5.91
13834,3.6
13835,6.08
13836,5.95
13837,5.05
13838,4.6
13839,2.52
13840,5.03
13841,4.45
13842,5.83
13843,4.72
13844,6.07
13845,3.17
13846,7.68
13847,5.27
13848,5.03
13849,3.7
13850,5.7
13851,3.47
13852,5.53
13853,5.49
13854,4.17
13855,3.2
13856,1.57
13857,4.87
13858,2.63
13859,2.04
13860,5.79
13861,1.72
13862,2.93
13863,2.07
13864,5.91
13865,6.03
13866,5.93
13867,4.57
13868,2.77
13869,5.88
13870,4.69
13871,5.64
13872,5.96
13873,6.25
13874,5.29
13875,5.64
13876,5.66
13877,5.47
13878,2.81
13879,4.34
13880,5.77
13881,3.23
13882,5.02
13883,2.74
13884,5.13
13885,3.85
13886,3.35
13887,5.23
13888,2.9
13889,6.15
13890,6.05
13891,4.18
13892,5.6
13893,5.69
13894,4.67
13895,5.63
13896,5.09
13897,5.36
13898,3.96
13899,4.68
13900,2.16
13901,5.94
13902,5.75
13903,3.91
13904,3.95
13905,4.72
13906,5.97
13907,3.75
13908,2.48
13909,3.23
13910,4.95
13911,5.73
13912,2.98
13913,4.79
13914,5.3
13915,5.6
13916,5.33
13917,2.52
13918,2.6
13919,3.2
13920,4.99
13921,5.84
13922,5.75
13923,3.49
13924,5.91
13925,5.64
13926,5.65
13927,6.25
13928,5.75
13929,3.8
13930,2.94
13931,1.5
13932,4.84
13933,6.0
13934,5.05
13935,2.55
13936,4.69
13937,3.79
13938,2.61
13939,5.81
13940,5.68
13941,2.82
13942,5.81
13943,3.34
13944,4.59
13945,2.79
13946,2.37
13947,6.01
13948,5.32
13949,3.67
13950,2.33
13951,5.4
13952,5.88
13953,4.11
13954,5.85
13955,2.25
13956,3.52
13957,3.42
13958,5.2
13959,4.01
13960,5.85
13961,5.93
13962,6.04
13963,3.43
13964,5.73
13965,6.08
13966,5.09
13967,5.68
13968,2.29
13969,5.95
13970,6.0
13971,5.57
13972,2.63
13973,4.45
13974,5.78
13975,5.9
13976,2.73
13977,6.05
13978,3.95
13979,4.84
13980,3.86
13981,5.81
13982,6.16
13983,3.63
13984,3.75
13985,5.6
13986,2.23
13987,3.93
13988,2.31
13989,5.66
13990,6.02
13991,5.75
13992,5.08
13993,5.85
13994,3.67
13995,5.67
13996,6.1
13997,2.61
13998,5.9
13999,3.13
14000,3.31
14001,4.72
14002,3.68
14003,5.6
14004,5.45
14005,5.39
14006,5.91
14007,2.0
14008,6.01
14009,6.0
14010,5.99
14011,4.14
14012,5.89
14013,6.15
14014,6.08
14015,4.61
14016,2.24
14017,3.69
14018,5.79
14019,3.25
14020,3.59
14021,4.02
14022,2.39
14023,5.64
14024,5.56
14025,5.92
14026,5.73
14027,4.66
14028,6.07
14029,5.44
14030,5.1
14031,5.57
14032,3.96
14033,5.91
14034,5.63
14035,3.09
14036,4.15
14037,4.55
14038,5.34
14039,5.35
14040,5.04
14041,6.01
14042,5.02
14043,2.15
14044,5.26
14045,2.68
14046,2.76
14047,5.45
14048,5.95
14049,5.57
14050,4.85
14051,5.98
14052,2.25
14053,3.04
14054,5.84
14055,4.58
14056,5.64
14057,5.93
14058,3.07
14059,4.94
14060,5.97
14061,5.12
14062,3.85
14063,3.8
14064,3.55
14065,5.93
14066,4.55
14067,5.76
14068,2.64
14069,5.6
14070,3.92
14071,2.24
14072,2.51
14073,2.54
14074,5.79
14075,5.81
14076,5.91
14077,5.72
14078,4.95
14079,5.62
14080,3.67
14081,5.98
14082,2.44
14083,5.47
14084,5.82
14085,5.87
14086,2.16
14087,6.0
14088,2.68
14089,6.08
14090,5.38
14091,3.11
14092,5.89
14093,5.82
14094,4.39
14095,5.77
14096,5.56
14097,2.58
14098,4.16
14099,6.08
14100,1.53
14101,6.13
14102,5.53
14103,5.67
14104,5.22
14105,4.15
14106,3.15
14107,5.89
14108,5.12
14109,4.42
14110,4.58
14111,4.17
14112,5.42
14113,4.46
14114,5.81
14115,3.17
14116,5.18
14117,6.1
14118,2.24
14119,2.56
14120,3.54
14121,5.58
14122,5.93
14123,2.55
14124,5.38
14125,5.74
14126,5.87
14127,4.18
14128,5.16
14129,5.59
14130,5.53
14131,5.57
14132,2.7
14133,3.18
14134,5.8
14135,5.58
14136,2.54
14137,5.93
14138,5.57
14139,5.77
14140,4.61
14141,5.73
14142,2.52
14143,4.47
14144,5.81
14145,2.41
14146,5.6
14147,5.93
14148,5.58
14149,5.34
14150,5.03
14151,2.2
14152,3.95
14153,4.68
14154,3.51
14155,2.76
14156,5.53
14157,4.88
14158,5.26
14159,4.87
14160,6.17
14161,5.43
14162,4.18
14163,5.96
14164,5.74
14165,3.62
14166,3.2
14167,6.13
14168,5.51
14169,2.89
14170,5.76
14171,6.09
14172,5.64
14173,5.6
14174,3.02
14175,2.59
14176,4.36
14177,3.42
14178,4.9
14179,3.56
14180,2.91
14181,5.87
14182,5.16
14183,5.79
14184,3.77
14185,4.43
14186,6.08
14187,4.81
14188,4.52
14189,4.02
14190,6.01
14191,3.02
14192,5.76
14193,5.91
14194,5.48
14195,2.54
14196,5.55
14197,6.22
14198,3.39
14199,6.03
14200,3.84
14201,5.78
14202,5.76
14203,5.44
14204,6.29
14205,5.63
14206,5.84
14207,3.62
14208,2.42
14209,4.04
14210,6.0
14211,5.55
14212,6.7
14213,5.71
14214,5.82
14215,4.38
14216,4.32
14217,4.41
14218,2.54
14219,3.96
14220,5.96
14221,4.83
14222,3.21
14223,5.87
14224,5.91
14225,4.44
14226,5.77
14227,5.95
14228,3.4
14229,5.04
14230,5.98
14231,5.92
14232,3.95
14233,5.7
14234,5.3
14235,5.92
14236,4.86
14237,3.58
14238,3.45
14239,5.92
14240,5.91
14241,5.6
14242,5.82
14243,5.96
14244,5.84
14245,3.96
14246,5.44
14247,5.06
14248,5.07
14249,5.78
14250,3.05
14251,6.12
14252,5.91
14253,4.51
14254,5.8
14255,2.33
14256,3.1
14257,5.73
14258,4.18
14259,6.36
14260,5.53
14261,5.81
14262,2.35
14263,2.96
14264,2.8
14265,5.95
14266,5.52
14267,5.88
14268,2.76
14269,3.49
14270,5.76
14271,4.27
14272,1.79
14273,4.58
14274,2.63
14275,5.8
14276,5.61
14277,3.31
14278,5.68
14279,6.33
14280,5.96
14281,4.09
14282,5.52
14283,2.78
14284,5.05
14285,6.11
14286,3.15
14287,2.99
14288,5.77
14289,4.73
14290,2.82
14291,5.33
14292,2.94
14293,4.62
14294,4.08
14295,4.23
14296,5.94
14297,5.19
14298,6.49
14299,2.53
14300,5.85
14301,5.97
14302,6.21
14303,1.62
14304,3.27
14305,2.55
14306,4.93
14307,5.87
14308,2.82
14309,4.77
14310,5.28
14311,5.73
14312,4.84
14313,5.71
14314,5.99
14315,5.46
14316,5.74
14317,5.65
14318,4.86
14319,1.56
14320,3.94
14321,2.47
14322,5.73
14323,6.05
14324,3.25
14325,2.34
14326,3.08
14327,4.31
14328,5.49
14329,4.57
14330,2.7
14331,5.83
14332,5.66
14333,5.25
14334,5.85
14335,6.17
14336,5.28
14337,4.45
14338,3.72
14339,2.93
14340,3.83
14341,5.87
14342,4.86
14343,4.19
14344,3.94
14345,5.03
14346,5.96
14347,4.37
14348,5.87
14349,4.85
14350,4.96
14351,2.01
14352,4.33
14353,5.65
14354,6.05
14355,5.83
14356,3.78
14357,3.49
14358,5.93
14359,6.02
14360,5.85
14361,5.34
14362,5.3
14363,4.91
14364,5.32
14365,4.77
14366,5.85
14367,4.44
14368,3.04
14369,5.82
14370,6.07
14371,4.06
14372,4.17
14373,5.76
14374,5.65
14375,5.78
14376,5.08
14377,4.52
14378,4.28
14379,5.87
14380,2.92
14381,5.92
14382,2.56
14383,5.45
14384,5.64
14385,4.22
14386,3.93
14387,3.37
14388,5.84
14389,3.99
14390,5.93
14391,6.3
14392,8.64
14393,3.44
14394,6.1
14395,5.51
14396,5.89
14397,5.9
14398,3.23
14399,2.45
14400,4.93
14401,6.22
14402,4.54
14403,6.07
14404,2.64
14405,5.78
14406,5.98
14407,5.73
14408,5.74
14409,5.94
14410,5.76
14411,5.98
14412,4.23
14413,5.63
14414,5.84
14415,5.23
14416,5.67
14417,5.92
14418,2.7
14419,4.15
14420,6.31
14421,4.75
14422,6.39
14423,5.93
14424,2.46
14425,2.8
14426,6.05
14427,1.79
14428,2.27
14429,2.52
14430,5.64
14431,3.01
14432,3.99
14433,3.68
14434,6.01
14435,5.2
14436,5.8
14437,2.84
14438,5.67
14439,6.11
14440,4.32
14441,5.71
14442,3.07
14443,5.29
14444,4.73
14445,2.53
14446,4.13
14447,4.15
14448,3.46
14449,5.03
14450,3.47
14451,5.17
14452,3.57
14453,5.16
14454,5.78
14455,3.23
14456,5.92
14457,5.68
14458,5.51
14459,5.55
14460,4.63
14461,5.74
14462,5.71
14463,4.08
14464,5.87
14465,4.71
14466,5.86
14467,5.92
14468,5.9
14469,5.48
14470,5.95
14471,4.48
14472,4.94
14473,5.77
14474,3.54
14475,5.74
14476,5.46
14477,6.08
14478,5.92
14479,5.96
14480,2.83
14481,5.32
14482,4.41
14483,5.32
14484,6.0
14485,5.65
14486,5.97
14487,4.4
14488,4.34
14489,3.3
14490,2.18
14491,2.52
14492,5.73
14493,4.91
14494,5.9
14495,3.8
14496,5.72
14497,3.71
14498,5.84
14499,5.64
14500,6.06
14501,4.96
14502,5.7
14503,5.24
14504,5.99
14505,3.66
14506,5.3
14507,5.99
14508,5.31
14509,5.56
14510,4.68
14511,5.76
14512,5.13
14513,2.11
14514,5.4
14515,4.42
14516,5.92
14517,3.56
14518,5.47
14519,3.54
14520,3.27
14521,4.47
14522,5.71
14523,1.81
14524,4.58
14525,5.73
14526,6.01
14527,6.03
14528,3.86
14529,5.63
14530,5.4
14531,5.7
14532,4.19
14533,4.23
14534,6.1
14535,2.31
14536,4.16
14537,5.83
14538,3.1
14539,5.11
14540,5.88
14541,6.45
14542,5.44
14543,6.07
14544,4.74
14545,3.53
14546,3.35
14547,1.6
14548,6.01
14549,5.38
14550,5.89
14551,3.65
14552,5.37
14553,4.8
14554,4.17
14555,5.59
14556,3.58
14557,2.13
14558,5.2
14559,4.03
14560,3.49
14561,3.84
14562,5.95
14563,5.73
14564,4.46
14565,5.57
14566,5.01
14567,6.27
14568,2.52
14569,5.85
14570,5.73
14571,5.44
14572,2.52
14573,5.56
14574,5.89
14575,2.38
14576,5.47
14577,5.72
14578,4.5
14579,6.13
14580,5.01
14581,5.72
14582,5.56
14583,3.83
14584,1.85
14585,5.91
14586,5.73
14587,5.44
14588,5.43
14589,5.27
14590,4.54
14591,5.74
14592,5.25
14593,4.0
14594,5.4
14595,3.53
14596,6.04
14597,5.93
14598,3.23
14599,3.09
14600,2.29
14601,4.66
14602,3.69
14603,3.25
14604,4.68
14605,5.73
14606,3.59
14607,5.88
14608,5.74
14609,5.85
14610,5.21
14611,3.93
14612,3.61
14613,5.05
14614,5.52
14615,6.07
14616,2.32
14617,4.51
14618,6.08
14619,6.42
14620,6.54
14621,3.53
14622,2.18
14623,4.68
14624,5.17
14625,5.94
14626,3.82
14627,2.28
14628,5.77
14629,3.38
14630,4.57
14631,2.68
14632,5.57
14633,5.78
14634,5.64
14635,4.93
14636,6.2
14637,2.49
14638,5.22
14639,5.83
14640,2.44
14641,5.85
14642,5.46
14643,5.68
14644,2.69
14645,3.45
14646,5.52
14647,5.99
14648,3.01
14649,2.48
14650,5.99
14651,3.48
14652,4.32
14653,5.94
14654,2.17
14655,4.82
14656,6.02
14657,4.7
14658,3.66
14659,4.55
14660,5.13
14661,1.89
14662,5.93
14663,5.77
14664,5.94
14665,5.82
14666,5.46
14667,6.07
14668,2.63
14669,4.17
14670,4.81
14671,5.53
14672,5.46
14673,4.47
14674,5.9
14675,6.26
14676,4.82
14677,2.22
14678,2.95
14679,5.64
14680,4.45
14681,2.62
14682,4.31
14683,4.2
14684,5.99
14685,4.81
14686,5.8
14687,2.39
14688,5.29
14689,2.19
14690,3.56
14691,2.75
14692,5.79
14693,6.04
14694,4.97
14695,4.08
14696,5.49
14697,5.19
14698,5.17
14699,3.4
14700,2.58
14701,6.0
14702,4.82
14703,3.15
14704,5.91
14705,3.52
14706,5.92
14707,5.78
14708,5.24
14709,4.98
14710,4.26
14711,5.2
14712,5.6
14713,4.82
14714,2.08
14715,4.3
14716,3.32
14717,4.3
14718,5.21
14719,6.04
14720,4.26
14721,5.4
14722,5.85
14723,4.96
14724,5.57
14725,3.16
14726,5.92
14727,2.97
14728,6.19
14729,5.61
14730,3.56
14731,5.74
14732,5.16
14733,5.88
14734,5.47
14735,3.39
14736,3.95
14737,6.06
14738,4.84
14739,4.29
14740,5.96
14741,2.51
14742,5.76
14743,4.25
14744,6.03
14745,2.38
14746,4.78
14747,5.65
14748,2.61
14749,3.73
14750,2.93
14751,2.43
14752,5.58
14753,5.21
14754,3.1
14755,4.2
14756,2.89
14757,4.84
14758,2.26
14759,6.07
14760,4.02
14761,5.14
14762,5.51
14763,5.67
14764,3.97
14765,5.82
14766,5.85
14767,5.88
14768,2.91
14769,5.95
14770,4.96
14771,3.44
14772,6.16
14773,5.53
14774,5.85
14775,5.43
14776,5.64
14777,3.77
14778,6.4
14779,5.97
14780,6.13
14781,5.97
14782,4.71
14783,3.94
14784,5.96
14785,8.06
14786,5.36
14787,4.62
14788,5.73
14789,3.76
14790,5.73
14791,5.56
14792,4.99
14793,6.1
14794,3.12
14795,4.27
14796,3.58
14797,2.53
14798,5.55
14799,5.53
14800,6.08
14801,2.49
14802,6.11
14803,5.86
14804,5.74
14805,4.24
14806,2.89
14807,5.91
14808,5.33
14809,5.08
14810,5.58
14811,3.17
14812,5.44
14813,5.65
14814,5.64
14815,5.5
14816,4.48
14817,5.58
14818,4.52
14819,4.98
14820,5.89
14821,5.29
14822,2.85
14823,5.1
14824,4.67
14825,3.52
14826,5.4
14827,2.26
14828,5.85
14829,4.39
14830,6.06
14831,5.79
14832,5.77
14833,5.87
14834,5.38
14835,2.51
14836,5.28
14837,5.3
14838,5.61
14839,5.49
14840,6.08
14841,5.72
14842,5.64
14843,5.28
14844,5.92
14845,2.72
14846,5.19
14847,4.07
14848,4.58
14849,2.22
14850,5.37
14851,5.94
14852,4.72
14853,5.6
14854,5.28
14855,5.79
14856,6.13
14857,5.67
14858,5.72
14859,4.99
14860,5.94
14861,3.05
14862,5.94
14863,6.0
14864,5.75
14865,2.81
14866,4.89
14867,1.94
14868,6.01
14869,2.67
14870,6.28
14871,5.14
14872,8.25
14873,3.98
14874,5.29
14875,3.59
14876,3.23
14877,5.93
14878,2.62
14879,5.69
14880,5.85
14881,6.09
14882,5.72
14883,5.88
14884,5.79
14885,5.38
14886,5.82
14887,3.41
14888,3.36
14889,5.69
14890,5.72
14891,3.72
14892,2.96
14893,5.75
14894,6.01
14895,3.78
14896,4.96
14897,2.51
14898,5.86
14899,5.59
14900,2.45
14901,3.96
14902,5.65
14903,6.01
14904,5.03
14905,4.52
14906,5.37
14907,4.96
14908,5.54
14909,5.46
14910,6.07
14911,4.11
14912,4.61
14913,4.92
14914,3.92
14915,5.88
14916,2.92
14917,4.24
14918,5.4
14919,5.97
14920,5.24
14921,2.89
14922,5.3
14923,4.37
14924,4.5
14925,5.57
14926,4.25
14927,4.41
14928,3.87
14929,4.11
14930,3.93
14931,2.78
14932,4.93
14933,5.81
14934,6.05
14935,5.95
14936,5.77
14937,5.72
14938,4.94
14939,4.69
14940,5.14
14941,5.2
14942,4.94
14943,5.36
14944,3.69
14945,4.27
14946,5.83
14947,4.21
14948,5.97
14949,3.39
14950,5.98
14951,2.74
14952,5.8
14953,6.0
14954,5.26
14955,5.42
14956,2.27
14957,5.55
14958,5.24
14959,6.09
14960,5.06
14961,5.74
14962,3.93
14963,3.75
14964,2.39
14965,3.79
14966,5.8
14967,6.06
14968,3.09
14969,3.94
14970,6.33
14971,5.99
14972,5.93
14973,2.29
14974,2.97
14975,4.63
14976,4.36
14977,2.89
14978,3.86
14979,6.11
14980,3.86
14981,5.33
14982,2.24
14983,5.68
14984,5.14
14985,5.6
14986,5.5
14987,5.89
14988,5.84
14989,3.0
14990,5.69
14991,5.53
14992,5.79
14993,5.46
14994,4.39
14995,4.97
14996,4.73
14997,5.41
14998,5.59
14999,3.66
15000,5.55
15001,6.0
15002,3.9
15003,5.87
15004,5.88
15005,2.97
15006,4.73
15007,4.42
15008,6.04
15009,5.65
15010,6.01
15011,5.89
15012,3.68
15013,4.36
15014,5.9
15015,2.8
15016,5.62
15017,5.12
15018,3.08
15019,3.03
15020,5.62
15021,6.09
15022,4.41
15023,2.4
15024,3.65
15025,3.32
15026,4.56
15027,6.4
15028,5.49
15029,5.69
15030,5.22
15031,6.04
15032,4.42
15033,6.18
15034,2.42
15035,5.8
15036,2.54
15037,5.94
15038,3.76
15039,1.58
15040,5.37
15041,4.67
15042,3.34
15043,5.53
15044,5.92
15045,5.66
15046,6.36
15047,5.47
15048,6.03
15049,5.14
15050,2.63
15051,2.86
15052,5.75
15053,4.81
15054,5.92
15055,5.6
15056,5.58
15057,3.95
15058,5.85
15059,5.84
15060,3.41
15061,5.76
15062,5.92
15063,5.41
15064,2.33
15065,2.94
15066,5.74
15067,3.52
15068,3.62
15069,5.97
15070,5.67
15071,5.67
15072,6.07
15073,4.79
15074,6.1
15075,5.21
15076,5.73
15077,5.94
15078,5.78
15079,6.08
15080,3.09
15081,5.2
15082,4.01
15083,2.64
15084,6.06
15085,3.34
15086,2.22
15087,3.74
15088,5.94
15089,5.76
15090,5.17
15091,5.68
15092,5.63
15093,5.77
15094,6.06
15095,4.54
15096,4.6
15097,3.51
15098,6.07
15099,5.65
15100,5.64
15101,6.18
15102,5.99
15103,5.85
15104,2.8
15105,5.78
15106,5.85
15107,3.48
15108,4.06
15109,5.99
15110,3.23
15111,5.2
15112,6.35
15113,5.33
15114,5.42
15115,4.59
15116,4.43
15117,3.99
15118,4.28
15119,5.96
15120,3.18
15121,5.27
15122,5.73
15123,2.63
15124,5.8
15125,5.08
15126,2.8
15127,4.86
15128,5.49
15129,3.94
15130,3.04
15131,5.14
15132,5.05
15133,5.45
15134,5.39
15135,4.03
15136,2.6
15137,5.88
15138,5.55
15139,5.87
15140,5.51
15141,4.05
15142,5.23
15143,5.88
15144,6.02
15145,5.71
15146,5.45
15147,3.78
15148,5.85
15149,6.01
15150,6.01
15151,5.17
15152,4.09
15153,5.86
15154,5.69
15155,2.15
15156,4.53
15157,2.99
15158,5.15
15159,5.52
15160,3.66
15161,6.17
15162,2.95
15163,5.94
15164,2.89
15165,5.55
15166,5.45
15167,6.2
15168,5.76
15169,5.81
15170,4.59
15171,5.37
15172,5.62
15173,4.26
15174,5.06
15175,5.95
15176,3.06
15177,4.28
15178,5.58
15179,6.0
15180,4.64
15181,5.39
15182,5.92
15183,5.59
15184,2.6
15185,6.05
15186,5.97
15187,2.41
15188,3.12
15189,4.53
15190,6.09
15191,5.94
15192,6.01
15193,5.37
15194,5.99
15195,5.02
15196,5.82
15197,4.48
15198,5.67
15199,3.23
15200,3.72
15201,2.27
15202,4.24
15203,5.92
15204,2.7
15205,5.2
15206,3.06
15207,5.12
15208,2.39
15209,5.45
15210,5.91
15211,5.28
15212,2.24
15213,3.83
15214,2.99
15215,5.94
15216,5.54
15217,4.26
15218,3.96
15219,4.58
15220,2.51
15221,6.33
15222,5.73
15223,5.82
15224,2.33
15225,5.62
15226,2.38
15227,5.95
15228,5.84
15229,4.19
15230,4.92
15231,3.94
15232,5.05
15233,4.7
15234,4.76
15235,5.55
15236,5.54
15237,6.12
15238,3.95
15239,3.46
15240,5.04
15241,6.04
15242,5.32
15243,3.24
15244,2.26
15245,2.4
15246,5.42
15247,5.98
15248,5.94
15249,5.85
15250,5.48
15251,2.75
15252,5.74
15253,4.54
15254,5.51
15255,5.72
15256,5.72
15257,2.51
15258,5.94
15259,2.35
15260,4.78
15261,5.79
15262,5.23
15263,3.72
15264,5.87
15265,6.45
15266,2.32
15267,5.14
15268,5.44
15269,4.76
15270,5.95
15271,3.96
15272,3.44
15273,2.16
15274,3.11
15275,5.83
15276,4.98
15277,5.78
15278,5.94
15279,6.05
15280,2.73
15281,5.58
15282,5.79
15283,2.47
15284,4.25
15285,2.07
15286,5.23
15287,3.15
15288,5.47
15289,4.08
15290,4.67
15291,5.99
15292,4.31
15293,5.83
15294,5.97
15295,4.65
15296,5.06
15297,5.9
15298,6.06
15299,4.18
15300,4.05
15301,5.77
15302,6.08
15303,5.9
15304,5.64
15305,5.67
15306,4.4
15307,5.41
15308,6.0
15309,5.83
15310,4.39
15311,5.61
15312,5.91
15313,2.51
15314,5.55
15315,5.87
15316,6.03
15317,5.94
15318,2.9
15319,5.56
15320,5.59
15321,5.94
15322,5.97
15323,5.39
15324,4.08
15325,5.87
15326,3.62
15327,5.42
15328,2.45
15329,6.3
15330,6.07
15331,4.7
15332,2.38
15333,5.92
15334,4.02
15335,5.07
15336,4.74
15337,5.77
15338,3.58
15339,5.97
15340,5.57
15341,2.73
15342,3.53
15343,3.61
15344,2.78
15345,5.75
15346,5.74
15347,5.64
15348,3.93
15349,2.89
15350,6.05
15351,5.37
15352,4.28
15353,2.92
15354,2.51
15355,4.66
15356,5.9
15357,2.93
15358,5.91
15359,4.75
15360,5.5
15361,5.99
15362,5.53
15363,6.29
15364,5.71
15365,3.64
15366,2.86
15367,2.71
15368,4.26
15369,5.9
15370,4.63
15371,4.79
15372,5.75
15373,3.76
15374,3.9
15375,2.87
15376,5.09
15377,5.27
15378,2.92
15379,5.54
15380,4.99
15381,2.11
15382,3.18
15383,6.14
15384,5.8
15385,5.81
15386,6.31
15387,3.89
15388,5.64
15389,5.79
15390,3.92
15391,3.25
15392,6.04
15393,6.07
15394,4.49
15395,2.92
15396,5.55
15397,4.68
15398,5.79
15399,4.65
15400,4.28
15401,6.16
15402,5.06
15403,2.88
15404,4.52
15405,5.83
15406,5.51
15407,4.4
15408,2.54
15409,5.5
15410,5.43
15411,3.48
15412,5.99
15413,4.36
15414,3.08
15415,4.99
15416,5.35
15417,3.14
15418,3.36
15419,6.04
15420,5.49
15421,5.89
15422,5.25
15423,2.33
15424,5.94
15425,2.58
15426,4.85
15427,4.37
15428,6.02
15429,1.58
15430,5.23
15431,4.36
15432,3.1
15433,5.54
15434,5.53
15435,4.79
15436,2.38
15437,5.32
15438,5.25
15439,4.63
15440,3.77
15441,4.53
15442,5.53
15443,6.06
15444,2.5
15445,5.31
15446,5.63
15447,4.72
15448,5.52
15449,2.76
15450,1.98
15451,5.58
15452,5.38
15453,4.88
15454,5.25
15455,2.25
15456,5.88
15457,3.46
15458,4.62
15459,5.79
15460,5.63
15461,4.22
15462,5.92
15463,5.93
15464,4.51
15465,3.61
15466,4.36
15467,6.0
15468,4.9
15469,5.96
15470,5.61
15471,3.08
15472,5.54
15473,3.82
15474,3.28
15475,5.9
15476,5.66
15477,5.95
15478,3.79
15479,5.7
15480,3.98
15481,4.92
15482,5.78
15483,5.98
15484,5.91
15485,2.29
15486,5.5
15487,2.94
15488,6.0
15489,5.7
15490,4.2
15491,5.36
15492,5.66
15493,5.98
15494,5.44
15495,5.88
15496,4.06
15497,3.44
15498,5.74
15499,5.7
15500,3.19
15501,6.1
15502,4.61
15503,5.74
15504,5.93
15505,4.23
15506,5.65
15507,6.14
15508,4.45
15509,5.08
15510,2.87
15511,4.84
15512,5.58
15513,4.74
15514,5.08
15515,5.82
15516,5.73
15517,5.9
15518,5.41
15519,5.95
15520,5.62
15521,6.16
15522,4.64
15523,5.92
15524,6.33
15525,3.54
15526,3.58
15527,5.44
15528,5.84
15529,3.59
15530,3.56
15531,5.7
15532,2.91
15533,5.79
15534,5.64
15535,5.6
15536,5.3
15537,6.07
15538,3.34
15539,4.53
15540,3.39
15541,4.24
15542,5.93
15543,4.03
15544,2.3
15545,6.04
15546,5.82
15547,5.46
15548,6.1
15549,4.06
15550,6.06
15551,3.77
15552,5.97
15553,6.16
15554,5.3
15555,5.87
15556,3.43
15557,3.94
15558,5.44
15559,4.22
15560,3.28
15561,3.91
15562,4.44
15563,6.08
15564,3.97
15565,4.0
15566,5.03
15567,5.67
15568,6.32
15569,6.11
15570,5.61
15571,3.17
15572,4.66
15573,4.55
15574,5.6
15575,6.08
15576,5.99
15577,3.3
15578,4.86
15579,3.95
15580,5.47
15581,6.0
15582,5.18
15583,2.97
15584,2.87
15585,6.01
15586,3.96
15587,6.11
15588,5.54
15589,3.31
15590,2.85
15591,4.0
15592,5.9
15593,5.79
15594,5.77
15595,2.5
15596,2.72
15597,5.31
15598,6.06
15599,4.8
15600,5.49
15601,5.9
15602,3.34
15603,2.72
15604,3.52
15605,5.96
15606,4.99
15607,4.03
15608,5.94
15609,5.66
15610,4.13
15611,3.69
15612,5.37
15613,5.61
15614,3.98
15615,2.17
15616,4.63
15617,5.48
15618,5.9
15619,8.27
15620,5.62
15621,5.02
15622,4.0
15623,2.89
15624,5.81
15625,5.5
15626,6.0
15627,2.68
15628,5.97
15629,5.91
15630,5.6
15631,4.47
15632,2.27
15633,3.1
15634,5.35
15635,3.43
15636,5.06
15637,4.59
15638,4.04
15639,3.16
15640,5.99
15641,4.25
15642,5.35
15643,5.86
15644,4.9
15645,3.72
15646,5.7
15647,5.69
15648,3.81
15649,5.44
15650,3.37
15651,3.64
15652,5.01
15653,5.71
15654,2.75
15655,2.87
15656,3.22
15657,3.55
15658,2.5
15659,5.87
15660,5.68
15661,3.26
15662,5.78
15663,5.38
15664,5.22
15665,2.37
15666,5.26
15667,5.58
15668,4.17
15669,4.21
15670,2.63
15671,5.65
15672,5.69
15673,5.57
15674,2.31
15675,5.34
15676,6.2
15677,3.77
15678,5.63
15679,4.69
15680,5.49
15681,5.7
15682,3.51
15683,5.69
15684,3.56
15685,5.77
15686,5.56
15687,5.88
15688,3.72
15689,5.72
15690,4.58
15691,5.81
15692,4.98
15693,2.61
15694,5.41
15695,5.68
15696,6.04
15697,6.09
15698,5.14
15699,5.18
15700,5.93
15701,3.03
15702,4.44
15703,5.72
15704,4.01
15705,5.57
15706,5.42
15707,6.08
15708,5.75
15709,4.99
15710,5.6
15711,4.54
15712,4.77
15713,5.8
15714,4.45
15715,4.38
15716,4.45
15717,5.3
15718,5.43
15719,5.55
15720,5.98
15721,5.26
15722,2.75
15723,5.82
15724,3.13
15725,5.51
15726,5.79
15727,3.21
15728,8.17
15729,5.43
15730,5.53
15731,5.94
15732,4.16
15733,4.53
15734,3.08
15735,5.98
15736,6.16
15737,3.62
15738,5.64
15739,5.27
15740,5.26
15741,2.67
15742,5.85
15743,4.65
15744,5.89
15745,3.57
15746,3.02
15747,6.43
15748,5.33
15749,5.61
15750,3.69
15751,3.05
15752,5.99
15753,4.61
15754,5.57
15755,5.45
15756,6.28
15757,2.55
15758,5.05
15759,5.35
15760,3.97
15761,5.14
15762,2.92
15763,3.73
15764,6.06
15765,6.03
15766,3.64
15767,5.9
15768,5.97
15769,3.64
15770,5.96
15771,4.32
15772,5.84
15773,4.96
15774,2.69
15775,3.87
15776,2.82
15777,2.17
15778,2.69
15779,3.92
15780,5.9
15781,6.05
15782,5.68
15783,5.94
15784,4.05
15785,4.6
15786,5.81
15787,7.57
15788,2.53
15789,3.55
15790,2.36
15791,5.9
15792,5.86
15793,5.69
15794,2.61
15795,3.55
15796,5.51
15797,5.68
15798,5.33
15799,3.66
15800,4.11
15801,6.11
15802,5.84
15803,5.51
15804,4.47
15805,5.91
15806,4.14
15807,6.03
15808,5.82
15809,5.61
15810,5.9
15811,6.01
15812,2.46
15813,5.65
15814,5.64
15815,4.1
15816,2.81
15817,4.72
15818,5.48
15819,5.64
15820,4.41
15821,3.05
15822,4.69
15823,2.2
15824,4.63
15825,3.39
15826,5.99
15827,5.72
15828,4.37
15829,3.16
15830,4.96
15831,5.31
15832,5.13
15833,5.85
15834,3.97
15835,6.2
15836,5.45
15837,5.4
15838,5.99
15839,5.8
15840,6.43
15841,3.43
15842,2.26
15843,5.61
15844,5.99
15845,4.78
15846,4.57
15847,3.33
15848,4.05
15849,4.72
15850,5.6
15851,6.15
15852,5.39
15853,5.84
15854,5.14
15855,5.83
15856,4.29
15857,2.56
15858,5.65
15859,5.75
15860,4.05
15861,3.06
15862,6.12
15863,2.93
15864,5.44
15865,4.57
15866,5.51
15867,4.89
15868,3.45
15869,3.34
15870,5.37
15871,2.64
15872,5.98
15873,5.63
15874,4.04
15875,5.84
15876,5.91
15877,5.74
15878,4.28
15879,2.26
15880,2.68
15881,4.15
15882,5.23
15883,6.04
15884,5.56
15885,5.89
15886,6.05
15887,3.8
15888,5.8
15889,4.04
15890,3.8
15891,3.73
15892,4.84
15893,3.52
15894,5.94
15895,4.32
15896,5.64
15897,6.31
15898,5.89
15899,5.22
15900,5.49
15901,3.64
15902,5.53
15903,5.36
15904,2.19
15905,6.16
15906,5.66
15907,6.0
15908,5.79
15909,5.25
15910,5.37
15911,5.23
15912,2.5
15913,5.81
15914,2.4
15915,3.76
15916,5.0
15917,2.67
15918,2.51
15919,3.19
15920,5.53
15921,4.43
15922,5.82
15923,5.55
15924,4.14
15925,3.07
15926,2.35
15927,5.01
15928,4.63
15929,2.74
15930,5.43
15931,5.85
15932,4.01
15933,3.46
15934,2.24
15935,3.79
15936,2.92
15937,6.05
15938,5.72
15939,5.77
15940,4.24
15941,2.39
15942,5.6
15943,4.26
15944,5.4
15945,6.06
15946,5.84
15947,6.05
15948,4.05
15949,5.69
15950,1.54
15951,5.54
15952,4.27
15953,5.75
15954,5.51
15955,2.53
15956,5.83
15957,4.18
15958,5.64
15959,5.23
15960,5.84
15961,4.34
15962,5.81
15963,5.92
15964,5.64
15965,6.04
15966,2.74
15967,3.51
15968,4.16
15969,5.48
15970,4.82
15971,5.44
15972,6.03
15973,3.08
15974,5.94
15975,4.64
15976,5.31
15977,5.74
15978,4.49
15979,5.63
15980,2.94
15981,4.39
15982,4.76
15983,4.75
15984,5.83
15985,8.47
15986,2.4
15987,3.79
15988,2.38
15989,4.26
15990,4.61
15991,5.6
15992,4.41
15993,2.92
15994,5.74
15995,5.75
15996,3.71
15997,5.94
15998,5.56
15999,3.53
16000,5.59
16001,4.21
16002,6.07
16003,5.44
16004,3.77
16005,5.23
16006,4.46
16007,3.77
16008,5.53
16009,3.91
16010,2.6
16011,4.75
16012,2.82
16013,4.85
16014,5.66
16015,5.31
16016,4.75
16017,3.95
16018,6.1
16019,2.86
16020,5.7
16021,5.94
16022,4.5
16023,5.72
16024,4.9
16025,2.41
16026,3.72
16027,5.61
16028,5.53
16029,3.05
16030,2.92
16031,6.01
16032,3.0
16033,2.39
16034,5.9
16035,5.31
16036,5.38
16037,6.01
16038,5.99
16039,3.55
16040,5.67
16041,4.04
16042,6.07
16043,4.74
16044,5.95
16045,5.92
16046,6.19
16047,5.92
16048,2.62
16049,4.03
16050,2.57
16051,5.68
16052,3.04
16053,3.92
16054,3.0
16055,2.59
16056,5.74
16057,5.6
16058,5.75
16059,2.39
16060,2.39
16061,5.65
16062,2.19
16063,2.54
16064,5.33
16065,5.86
16066,5.99
16067,6.1
16068,5.18
16069,3.86
16070,5.59
16071,5.99
16072,5.35
16073,1.67
16074,2.61
16075,5.4
16076,5.98
16077,3.36
16078,3.58
16079,5.54
16080,6.03
16081,4.32
16082,5.98
16083,2.33
16084,2.9
16085,5.55
16086,5.22
16087,4.11
16088,3.42
16089,2.69
16090,5.96
16091,5.82
16092,4.45
16093,5.5
16094,2.51
16095,5.51
16096,5.62
16097,4.79
16098,4.72
16099,2.88
16100,4.05
16101,3.12
16102,2.29
16103,5.34
16104,4.63
16105,5.41
16106,6.07
16107,4.78
16108,6.0
16109,5.26
16110,6.14
16111,5.74
16112,5.84
16113,5.96
16114,2.42
16115,2.41
16116,5.93
16117,6.07
16118,2.87
16119,5.61
16120,5.57
16121,4.65
16122,5.74
16123,4.32
16124,4.78
16125,5.63
16126,3.72
16127,5.15
16128,2.75
16129,4.77
16130,4.35
16131,5.72
16132,6.02
16133,5.39
16134,5.64
16135,5.42
16136,6.01
16137,5.27
16138,6.18
16139,5.94
16140,6.12
16141,2.02
16142,5.87
16143,5.72
16144,2.64
16145,5.9
16146,5.73
16147,5.71
16148,5.75
16149,2.3
16150,5.33
16151,3.33
16152,3.32
16153,2.77
16154,2.39
16155,4.03
16156,2.79
16157,5.63
16158,5.93
16159,6.05
16160,5.01
16161,5.49
16162,5.93
16163,5.45
16164,2.92
16165,5.35
16166,5.22
16167,6.23
16168,3.89
16169,2.79
16170,5.83
16171,3.4
16172,5.72
16173,5.77
16174,5.8
16175,5.76
16176,3.16
16177,5.17
16178,2.61
16179,2.46
16180,5.94
16181,6.2
16182,5.2
16183,5.68
16184,5.75
16185,5.04
16186,3.71
16187,5.79
16188,2.93
16189,5.94
16190,5.96
16191,3.22
16192,4.39
16193,6.13
16194,4.34
16195,5.44
16196,5.07
16197,5.37
16198,5.59
16199,4.87
16200,6.06
16201,6.01
16202,5.99
16203,5.86
16204,3.82
16205,3.12
16206,5.69
16207,1.94
16208,3.64
16209,5.61
16210,2.47
16211,5.34
16212,5.91
16213,4.48
16214,5.94
16215,4.03
16216,5.77
16217,5.86
16218,3.11
16219,5.6
16220,5.59
16221,5.34
16222,2.75
16223,4.69
16224,5.88
16225,6.03
16226,5.2
16227,3.06
16228,5.86
16229,5.98
16230,2.88
16231,2.49
16232,5.82
16233,5.91
16234,5.95
16235,5.51
16236,2.8
16237,5.67
16238,5.84
16239,5.12
16240,4.93
16241,5.45
16242,2.98
16243,5.9
16244,5.78
16245,4.57
16246,5.58
16247,3.57
16248,3.2
16249,5.81
16250,3.02
16251,4.14
16252,5.0
16253,5.67
16254,2.85
16255,5.95
16256,2.9
16257,3.01
16258,4.98
16259,3.7
16260,5.75
16261,6.1
16262,3.89
16263,2.23
16264,3.91
16265,5.76
16266,4.03
16267,5.83
16268,4.08
16269,4.2
16270,2.86
16271,5.81
16272,4.79
16273,5.41
16274,5.31
16275,5.92
16276,5.61
16277,5.88
16278,5.53
16279,2.63
16280,2.58
16281,4.34
16282,4.02
16283,4.84
16284,3.44
16285,5.79
16286,5.91
16287,2.56
16288,5.57
16289,4.67
16290,2.45
16291,5.89
16292,5.8
16293,5.11
16294,4.37
16295,6.0
16296,5.75
16297,4.94
16298,6.18
16299,5.15
16300,2.33
16301,4.54
16302,5.8
16303,3.42
16304,2.36
16305,2.72
16306,4.45
16307,2.24
16308,2.77
16309,2.73
16310,2.74
16311,5.21
16312,5.35
16313,4.14
16314,2.87
16315,5.67
16316,3.54
16317,5.67
16318,5.71
16319,5.19
16320,4.73
16321,5.98
16322,5.68
16323,5.51
16324,5.75
16325,3.25
16326,1.84
16327,3.07
16328,5.59
16329,5.73
16330,5.91
16331,5.83
16332,4.87
16333,3.41
16334,3.76
16335,5.47
16336,6.02
16337,5.81
16338,3.71
16339,3.62
16340,5.93
16341,5.8
16342,5.75
16343,3.78
16344,5.7
16345,5.52
16346,5.37
16347,5.36
16348,2.71
16349,2.43
16350,3.53
16351,5.64
16352,5.43
16353,5.96
16354,5.93
16355,2.52
16356,5.96
16357,2.6
16358,5.37
16359,6.07
16360,6.13
16361,4.12
16362,5.75
16363,5.03
16364,4.41
16365,5.96
16366,3.58
16367,3.62
16368,5.91
16369,2.22
16370,6.04
16371,4.24
16372,4.55
16373,2.58
16374,5.83
16375,5.27
16376,5.7
16377,5.79
16378,5.89
16379,5.79
16380,3.69
16381,6.19
16382,5.37
16383,4.48
16384,3.53
16385,5.69
16386,3.63
16387,5.18
16388,3.96
16389,2.78
16390,5.91
16391,2.94
16392,5.83
16393,5.9
16394,2.7
16395,1.92
16396,4.78
16397,4.29
16398,3.19
16399,6.08
16400,4.03
16401,5.92
16402,4.16
16403,4.1
16404,4.59
16405,6.01
16406,3.92
16407,4.24
16408,6.01
16409,4.13
16410,4.57
16411,5.69
16412,3.67
16413,5.78
16414,3.79
16415,5.7
16416,5.84
16417,5.83
16418,5.74
16419,4.12
16420,5.84
16421,3.5
16422,4.85
16423,5.5
16424,5.84
16425,3.63
16426,4.87
16427,5.84
16428,2.85
16429,3.32
16430,5.93
16431,3.1
16432,6.08
16433,6.09
16434,5.98
16435,2.46
16436,2.39
16437,5.95
16438,5.97
16439,5.97
16440,5.83
16441,2.37
16442,6.29
16443,3.92
16444,5.71
16445,5.58
16446,3.04
16447,6.03
16448,6.03
16449,3.14
16450,3.41
16451,2.95
16452,5.44
16453,3.33
16454,5.93
16455,2.92
16456,4.4
16457,4.44
16458,5.93
16459,4.11
16460,6.06
16461,3.67
16462,3.34
16463,5.86
16464,5.63
16465,3.87
16466,4.02
16467,5.54
16468,4.47
16469,2.58
16470,2.82
16471,5.98
16472,6.14
16473,5.79
16474,3.86
16475,3.46
16476,5.36
16477,5.14
16478,5.61
16479,5.93
16480,2.46
16481,3.59
16482,6.08
16483,5.9
16484,5.77
16485,5.69
16486,5.98
16487,5.87
16488,5.68
16489,5.02
16490,2.78
16491,5.68
16492,6.13
16493,5.31
16494,5.94
16495,3.77
16496,2.7
16497,5.83
16498,4.62
16499,5.98
16500,4.72
16501,4.04
16502,5.28
16503,5.97
16504,3.26
16505,5.95
16506,5.8
16507,5.8
16508,5.88
16509,5.59
16510,4.75
16511,3.78
16512,5.95
16513,2.49
16514,5.46
16515,2.78
16516,4.33
16517,3.96
16518,5.81
16519,3.72
16520,5.56
16521,4.27
16522,4.95
16523,5.35
16524,4.64
16525,5.36
16526,5.91
16527,5.84
16528,2.4
16529,5.9
16530,5.07
16531,3.34
16532,3.32
16533,5.73
16534,5.93
16535,5.41
16536,4.13
16537,5.46
16538,5.76
16539,5.6
16540,5.49
16541,5.92
16542,5.62
16543,2.55
16544,5.87
16545,3.93
16546,6.04
16547,5.51
16548,5.91
16549,5.73
16550,5.75
16551,2.61
16552,5.0
16553,6.19
16554,6.01
16555,2.94
16556,3.26
16557,2.82
16558,6.78
16559,2.28
16560,2.94
16561,4.42
16562,4.29
16563,2.65
16564,3.22
16565,5.99
16566,5.08
16567,4.89
16568,5.28
16569,2.57
16570,5.8
16571,5.74
16572,4.39
16573,5.98
16574,1.5
16575,5.98
16576,5.65
16577,6.09
16578,3.96
16579,3.97
16580,2.47
16581,5.76
16582,2.96
16583,2.49
16584,2.86
16585,5.93
16586,5.6
16587,6.08
16588,5.89
16589,3.75
16590,6.02
16591,3.59
16592,4.23
16593,5.64
16594,4.49
16595,3.66
16596,5.33
16597,2.29
16598,5.09
16599,5.39
16600,2.89
16601,3.43
16602,5.47
16603,5.48
16604,5.23
16605,5.92
16606,5.69
16607,5.68
16608,5.99
16609,3.06
16610,5.75
16611,3.43
16612,2.9
16613,5.82
16614,1.99
16615,1.81
16616,5.91
16617,2.75
16618,5.75
16619,3.38
16620,3.53
16621,5.08
16622,5.95
16623,5.79
16624,5.15
16625,4.15
16626,3.69
16627,5.83
16628,4.77
16629,6.18
16630,6.07
16631,4.01
16632,3.51
16633,2.59
16634,5.52
16635,5.43
16636,6.0
16637,6.09
16638,5.65
16639,5.79
16640,5.44
16641,4.65
16642,5.92
16643,5.02
16644,5.89
16645,5.58
16646,5.86
16647,5.55
16648,3.44
16649,3.63
16650,5.54
16651,6.1
16652,2.76
16653,5.53
16654,5.61
16655,3.86
16656,2.14
16657,2.37
16658,5.99
16659,5.79
16660,5.51
16661,3.7
16662,5.49
16663,2.62
16664,2.64
16665,5.55
16666,3.87
16667,5.89
16668,5.63
16669,5.71
16670,3.3
16671,3.06
16672,2.74
16673,4.58
16674,3.85
16675,5.28
16676,5.34
16677,6.08
16678,5.25
16679,5.83
16680,5.97
16681,5.87
16682,5.21
16683,3.85
16684,5.69
16685,3.22
16686,5.4
16687,5.38
16688,5.84
16689,5.61
16690,5.72
16691,4.09
16692,3.23
16693,5.78
16694,4.36
16695,5.17
16696,3.42
16697,3.78
16698,5.62
16699,5.54
16700,5.54
16701,5.65
16702,5.78
16703,5.44
16704,5.69
16705,2.37
16706,5.09
16707,6.04
16708,4.13
16709,3.91
16710,5.85
16711,5.74
16712,5.65
16713,5.56
16714,3.24
16715,4.5
16716,3.8
16717,4.63
16718,5.79
16719,5.01
16720,5.77
16721,4.13
16722,5.81
16723,5.74
16724,5.94
16725,3.33
16726,5.89
16727,5.87
16728,5.71
16729,5.68
16730,6.04
16731,3.26
16732,6.24
16733,5.79
16734,3.84
16735,5.36
16736,5.56
16737,2.88
16738,2.66
16739,5.76
16740,3.17
16741,5.53
16742,4.41
16743,5.64
16744,4.36
16745,5.67
16746,2.56
16747,1.98
16748,5.52
16749,5.98
16750,5.56
16751,4.18
16752,5.71
16753,6.08
16754,5.12
16755,6.01
16756,5.96
16757,6.2
16758,2.49
16759,5.08
16760,2.92
16761,2.73
16762,5.4
16763,5.63
16764,5.09
16765,3.05
16766,5.55
16767,5.32
16768,2.58
16769,4.23
16770,3.03
16771,2.48
16772,4.43
16773,5.89
16774,5.92
16775,4.18
16776,4.42
16777,5.67
16778,3.89
16779,5.85
16780,6.6
16781,6.07
16782,3.28
16783,5.07
16784,5.47
16785,5.78
16786,3.49
16787,5.09
16788,4.3
16789,3.44
16790,3.58
16791,5.71
16792,2.4
16793,3.22
16794,5.59
16795,6.34
16796,2.57
16797,6.05
16798,4.51
16799,5.86
16800,2.94
16801,5.96
16802,5.38
16803,3.75
16804,3.94
16805,5.19
16806,5.99
16807,2.67
16808,3.89
16809,5.77
16810,5.6
16811,3.85
16812,5.94
16813,5.89
16814,2.75
16815,3.34
16816,6.31
16817,4.29
16818,6.0
16819,4.2
16820,4.94
16821,3.66
16822,4.51
16823,4.28
16824,5.64
16825,5.86
16826,5.74
16827,5.37
16828,3.33
16829,3.95
16830,5.4
16831,5.34
16832,2.69
16833,3.31
16834,3.17
16835,5.22
16836,5.47
16837,2.23
16838,5.08
16839,5.21
16840,2.96
16841,5.92
16842,5.7
16843,6.04
16844,5.67
16845,5.32
16846,3.71
16847,4.93
16848,6.04
16849,4.92
16850,5.83
16851,4.94
16852,5.0
16853,2.56
16854,2.61
16855,3.11
16856,5.98
16857,6.47
16858,5.73
16859,2.61
16860,2.4
16861,2.01
16862,5.8
16863,3.95
16864,5.18
16865,5.89
16866,2.56
16867,3.5
16868,5.96
16869,6.04
16870,6.0
16871,2.6
16872,3.99
16873,3.74
16874,6.05
16875,3.58
16876,5.96
16877,5.33
16878,5.38
16879,4.77
16880,5.81
16881,6.32
16882,4.38
16883,5.98
16884,2.88
16885,5.99
16886,5.02
16887,4.11
16888,6.16
16889,5.86
16890,5.68
16891,5.85
16892,4.19
16893,4.22
16894,3.14
16895,2.23
16896,5.89
16897,5.82
16898,3.9
16899,3.09
16900,5.66
16901,5.31
16902,5.67
16903,3.52
16904,4.62
16905,3.56
16906,5.44
16907,5.95
16908,2.99
16909,4.2
16910,2.93
16911,2.49
16912,3.68
16913,5.71
16914,5.73
16915,5.35
16916,4.8
16917,5.66
16918,5.82
16919,4.4
16920,3.26
16921,2.48
16922,5.98
16923,5.19
16924,5.85
16925,5.95
16926,3.27
16927,3.95
16928,3.41
16929,5.9
16930,3.92
16931,5.43
16932,4.76
16933,5.61
16934,5.61
16935,5.79
16936,4.7
16937,6.37
16938,5.81
16939,5.59
16940,5.88
16941,5.79
16942,4.88
16943,2.39
16944,5.91
16945,5.79
16946,5.74
16947,4.67
16948,6.01
16949,3.5
16950,3.76
16951,6.0
16952,3.21
16953,2.55
16954,4.78
16955,5.87
16956,5.59
16957,4.52
16958,2.42
16959,4.69
16960,5.41
16961,4.63
16962,5.33
16963,5.8
16964,2.53
16965,5.91
16966,5.69
16967,5.69
16968,5.81
16969,5.85
16970,5.91
16971,4.85
16972,5.88
16973,5.74
16974,4.88
16975,5.2
16976,2.99
16977,5.92
16978,2.47
16979,5.97
16980,5.69
16981,2.65
16982,5.9
16983,7.66
16984,4.26
16985,5.77
16986,5.99
16987,4.22
16988,3.18
16989,2.62
16990,6.03
16991,2.51
16992,5.06
16993,5.81
16994,5.77
16995,5.77
16996,5.57
16997,3.97
16998,8.24
16999,5.69
17000,2.77
17001,5.42
17002,6.02
17003,4.28
17004,5.6
17005,3.9
17006,5.75
17007,2.58
17008,2.23
17009,5.67
17010,5.63
17011,5.78
17012,2.76
17013,3.41
17014,6.0
17015,5.15
17016,6.01
17017,4.63
17018,3.21
17019,5.36
17020,5.76
17021,5.72
17022,5.9
17023,4.65
17024,5.87
17025,5.9
17026,2.47
17027,2.44
17028,2.9
17029,5.69
17030,4.15
17031,5.0
17032,5.33
17033,5.27
17034,2.34
17035,6.15
17036,5.81
17037,4.37
17038,5.25
17039,3.86
17040,4.33
17041,5.56
17042,5.57
17043,5.68
17044,2.33
17045,2.33
17046,6.14
17047,5.77
17048,2.17
17049,5.19
17050,5.84
17051,5.92
17052,5.85
17053,3.75
17054,5.85
17055,5.92
17056,5.31
17057,5.54
17058,2.9
17059,2.83
17060,6.27
17061,5.96
17062,4.29
17063,5.77
17064,6.01
17065,3.27
17066,1.97
17067,5.77
17068,4.11
17069,2.8
17070,6.03
17071,4.8
17072,4.42
17073,5.52
17074,5.96
17075,5.49
17076,5.54
17077,3.42
17078,4.43
17079,5.84
17080,4.03
17081,5.26
17082,4.62
17083,2.43
17084,4.32
17085,2.21
17086,2.4
17087,5.78
17088,3.9
17089,1.4
17090,6.18
17091,5.45
17092,3.99
17093,3.96
17094,5.8
17095,3.59
17096,4.04
17097,5.61
17098,5.34
17099,2.57
17100,1.75
17101,2.67
17102,5.73
17103,5.87
17104,2.61
17105,3.7
17106,5.87
17107,3.17
17108,4.55
17109,5.84
17110,5.64
17111,4.99
17112,5.07
17113,4.18
17114,5.14
17115,5.64
17116,5.49
17117,3.19
17118,6.04
17119,3.64
17120,6.02
17121,4.77
17122,2.62
17123,6.34
17124,5.79
17125,2.85
17126,5.73
17127,3.11
17128,5.56
17129,3.78
17130,3.01
17131,6.02
17132,5.43
17133,5.59
17134,5.5
17135,4.88
17136,4.13
17137,3.03
17138,2.53
17139,3.74
17140,2.78
17141,5.76
17142,4.39
17143,5.12
17144,4.45
17145,4.22
17146,6.16
17147,5.6
17148,4.32
17149,4.16
17150,6.07
17151,3.92
17152,5.41
17153,2.42
17154,2.42
17155,5.88
17156,6.19
17157,2.77
17158,5.26
17159,2.89
17160,5.84
17161,2.32
17162,5.72
17163,5.78
17164,3.29
17165,5.75
17166,5.98
17167,6.01
17168,6.16
17169,5.8
17170,4.5
17171,5.5
17172,5.75
17173,2.55
17174,2.66
17175,4.05
17176,3.27
17177,6.07
17178,4.1
17179,3.28
17180,4.8
17181,5.0
17182,3.02
17183,5.96
17184,5.91
17185,5.84
17186,6.1
17187,6.16
17188,5.34
17189,5.99
17190,4.91
17191,4.13
17192,5.83
17193,5.74
17194,6.0
17195,2.88
17196,1.99
17197,5.53
17198,4.11
17199,5.63
17200,5.99
17201,3.17
17202,6.05
17203,3.23
17204,5.93
17205,5.56
17206,5.8
17207,5.6
17208,6.11
17209,1.86
17210,5.72
17211,3.58
17212,5.77
17213,2.48
17214,4.53
17215,5.83
17216,5.92
17217,3.92
17218,4.48
17219,6.31
17220,3.87
17221,3.27
17222,3.81
17223,3.11
17224,1.55
17225,2.21
17226,5.76
17227,2.98
17228,6.05
17229,2.6
17230,3.94
17231,5.55
17232,5.57
17233,2.75
17234,3.55
17235,2.62
17236,3.55
17237,6.14
17238,3.65
17239,2.53
17240,5.87
17241,4.97
17242,6.38
17243,5.6
17244,2.59
17245,5.11
17246,5.69
17247,4.36
17248,5.75
17249,2.19
17250,3.68
17251,5.59
17252,5.95
17253,3.93
17254,5.85
17255,5.66
17256,6.03
17257,5.77
17258,5.18
17259,4.8
17260,5.41
17261,5.83
17262,5.82
17263,5.36
17264,5.92
17265,5.54
17266,4.72
17267,4.47
17268,5.86
17269,4.37
17270,3.2
17271,5.89
17272,3.56
17273,4.24
17274,5.54
17275,2.53
17276,5.98
17277,6.0
17278,3.12
17279,4.03
17280,4.09
17281,5.13
17282,4.83
17283,5.39
17284,2.34
17285,3.29
17286,5.87
17287,4.11
17288,2.93
17289,6.31
17290,2.3
17291,5.99
17292,5.87
17293,6.09
17294,4.04
17295,5.33
17296,3.21
17297,5.78
17298,5.57
17299,3.01
17300,6.04
17301,5.26
17302,6.13
17303,5.6
17304,5.61
17305,6.09
17306,5.53
17307,3.71
17308,5.39
17309,6.15
17310,3.97
17311,3.01
17312,5.53
17313,5.6
17314,5.89
17315,3.7
17316,5.68
17317,2.32
17318,6.0
17319,5.93
17320,2.53
17321,6.14
17322,5.57
17323,5.94
17324,5.91
17325,5.98
17326,3.63
17327,5.66
17328,5.93
17329,5.54
17330,2.55
17331,5.81
17332,5.75
17333,6.03
17334,6.08
17335,2.29
17336,4.59
17337,5.7
17338,4.35
17339,6.47
17340,1.78
17341,5.57
17342,4.06
17343,5.22
17344,5.21
17345,2.39
